Feature_ID,Transition_Name,ISTD_Feature_ID,Precursor_Ion,Product_Ion,RT (w.r.t. reference sample),uniform_width (y/n),start_RT (w.r.t. reference sample),end_RT (w.r.t. reference sample),"peak_width (similar to param.txt, square brackets are optional, leave blank to assume inputs from param.txt)","baseline (default/v_drop/v2v), ""v_drop=vertical drop"", ""v2v=valley to valley"" ",chromatogram_index (for user to override chromatogram assignment),Remarks,,,,,
CE 14:0,CE 14:0,CE 18:1 d7 (ISTD),614.6,369.3,7.133,n,,,"[0.17, 0.05, 0.1, 0.35] ",,,,,,,,
CE 15:0,CE 15:0,CE 18:1 d7 (ISTD),628.6,369.3,7.217,n,,,"0.17, 0.05, 0.1, 0.35",,,,,,,,
CE 16:0,CE 16:0,CE 18:1 d7 (ISTD),642.6,369.3,7.3,n,,,,,,rb Massive tailing/interference in 50% samples,,,,,
CE 16:1,CE 16:1,CE 18:1 d7 (ISTD),640.6,369.3,7.15,n,,,,,,rb Tailing/interference in majority of samples,,,,,
CE 16:2,CE 16:2,CE 18:1 d7 (ISTD),638.6,369.3,6.983,n,,,,,,,,,,,
CE 17:0,CE 17:0,CE 18:1 d7 (ISTD),656.6,369.3,7.367,n,,,,,,,,,,,
CE 17:1,CE 17:1,CE 18:1 d7 (ISTD),654.6,369.3,7.217,n,,,,,,rb Tailing/interference or isomers in majority of samples,,,,,
CE 18:0,CE 18:0,CE 18:1 d7 (ISTD),670.7,369.3,7.45,n,,,,,,,,,,,
CE 18:1,CE 18:1,CE 18:1 d7 (ISTD),668.6,369.3,7.3,n,,,,,,,,,,,
CE 18:1 d7 (ISTD),CE 18:1 d7 (ISTD),CE 18:1 d7 (ISTD),675.7,369.1,7.3,n,,,,,,,,,,,
CE 18:2,CE 18:2,CE 18:1 d7 (ISTD),666.6,369.3,7.183,n,,,,,,,,,,,
CE 18:3,CE 18:3,CE 18:1 d7 (ISTD),664.6,369.3,7.05,n,,,,,,,,,,,
CE 20:1,CE 20:1,CE 18:1 d7 (ISTD),696.7,369.3,7.433,n,,,,,,rb,,,,,
CE 20:2,CE 20:2,CE 18:1 d7 (ISTD),694.7,369.3,7.317,n,,,,,,,,,,,
CE 20:3,CE 20:3,CE 18:1 d7 (ISTD),692.6,369.3,7.183,n,,,,,,,,,,,
CE 20:4,CE 20:4,CE 18:1 d7 (ISTD),690.6,369.3,7.083,n,,,,,,,,,,,
CE 20:5,CE 20:5,CE 18:1 d7 (ISTD),688.6,369.3,6.933,n,,,,,,,,,,,
CE 22:0,CE 22:0,CE 18:1 d7 (ISTD),726.7,369.3,7.7,n,,,,,,,,,,,
CE 22:1,CE 22:1,CE 18:1 d7 (ISTD),724.7,369.3,7.583,n,,,,,,,,,,,
CE 22:4,CE 22:4,CE 18:1 d7 (ISTD),718.7,369.3,7.217,n,,,,,,,,,,,
CE 22:5,CE 22:5,CE 18:1 d7 (ISTD),716.6,369.3,7.083,n,6.9,,,,,,,,,,
CE 22:6,CE 22:6,CE 18:1 d7 (ISTD),714.6,369.3,7.017,n,,,,,,,,,,,
CE 24:0,CE 24:0,CE 18:1 d7 (ISTD),754.7,369.3,7.833,n,,,,,,,,,,,
CE 24:1,CE 24:1,CE 18:1 d7 (ISTD),752.7,369.3,7.683,n,,,,,,,,,,,
CE 24:4,CE 24:4,CE 18:1 d7 (ISTD),746.7,369.3,7.367,n,,,,,,,,,,,
CE 24:5,CE 24:5,CE 18:1 d7 (ISTD),744.7,369.3,7.25,n,,7.45,,,,,,,,,
CE 24:6,CE 24:6,CE 18:1 d7 (ISTD),742.7,369.3,7.167,n,,,,,,rb  noisy low abundant,,,,,
Cer d18:0/16:0,Cer d18:0/16:0,Cer d18:1/25:0 (ISTD),540.5,522.5,5.067,n,,5.3,,,,,,,,,
Cer d18:0/18:0,Cer d18:0/18:0,Cer d18:1/25:0 (ISTD),568.6,550.6,5.417,n,,,,,,rb  noisy,,,,,
Cer d18:0/20:0,Cer d18:0/20:0,Cer d18:1/25:0 (ISTD),596.6,578.6,5.733,n,,,,,,rb,,,,,
Cer d18:0/22:0,Cer d18:0/22:0,Cer d18:1/25:0 (ISTD),624.6,606.6,6,n,,,,,,,,,,,
Cer d18:0/24:0,Cer d18:0/24:0,Cer d18:1/25:0 (ISTD),652.7,634.7,6.233,n,,,,,,,,,,,
Cer d18:0/24:1,Cer d18:0/24:1,Cer d18:1/25:0 (ISTD),650.6,632.6,6.15,n,,,,,,,,,,,
Cer d18:1/12:0 (ISTD),Cer d18:1/12:0 (ISTD),Cer d18:1/25:0 (ISTD),482.4,264.2,4.15,n,,,,,,,,,,,
Cer d18:1/12:0 (ISTD) [M-H20>264],Cer d18:1/12:0 (ISTD) [M-H20>264],Cer d18:1/25:0 (ISTD),464.4,264.2,4.15,n,,,,,,,,,,,
Cer d18:1/16:0,Cer d18:1/16:0,Cer d18:1/25:0 (ISTD),538.5,264.3,4.933,n,,,,,,,,,,,
Cer d18:1/17:0,Cer d18:1/17:0,Cer d18:1/25:0 (ISTD),552.6,264.3,5.1,n,,,,,,,,,,,
Cer d18:1/18:0,Cer d18:1/18:0,Cer d18:1/25:0 (ISTD),566.6,264.3,5.283,n,,,,,,,,,,,
Cer d18:1/20:0,Cer d18:1/20:0,Cer d18:1/25:0 (ISTD),594.6,264.3,5.617,n,,,,,,,,,,,
Cer d18:1/22:0,Cer d18:1/22:0,Cer d18:1/25:0 (ISTD),622.6,264.3,5.883,n,,,,,,,,,,,
Cer d18:1/24:0,Cer d18:1/24:0,Cer d18:1/25:0 (ISTD),650.6,264.3,6.15,n,,,,,,,,,,,
Cer d18:1/24:1,Cer d18:1/24:1,Cer d18:1/25:0 (ISTD),648.6,264.3,5.883,n,,,,,,,,,,,
Cer d18:1/25:0 (ISTD),Cer d18:1/25:0 (ISTD),Cer d18:1/25:0 (ISTD),664.4,264.2,6.267,n,,,,,,,,,,,
Cer d18:1/25:0 (ISTD) [M-H20>264],Cer d18:1/25:0 (ISTD) [M-H20>264],Cer d18:1/25:0 (ISTD),646.4,264.2,6.267,n,, ,,,,,,,,,
Cer d18:1/26:0,Cer d18:1/26:0,Cer d18:1/25:0 (ISTD),678.7,264.4,6.383,n,,,,,,,,,,,
Cer d18:2/16:0,Cer d18:2/16:0,Cer d18:1/25:0 (ISTD),536.7,262.4,4.617,n,,,,,,,,,,,
Cer d18:2/22:0,Cer d18:2/22:0,Cer d18:1/25:0 (ISTD),620.7,262.4,5.667,n,,,,,,,,,,,
Cer d18:2/24:1,Cer d18:2/24:1,Cer d18:1/25:0 (ISTD),646.7,262.4,5.667,n,,,,,,,,,,,
COH [161],COH [161],COH d7 [161] (ISTD),369.4,161.2,4.5,n,,,,,,,,,,,
COH [95],COH [95],COH d7 [95] (ISTD),369.4,95.2,4.5,n,,,,,,,,,,,
COH d7 [161] (ISTD),COH d7 [161] (ISTD),COH d7 [161] (ISTD),376.4,161.2,4.7,n,,,,,,,,,,,
COH d7 [95] (ISTD),COH d7 [95] (ISTD),COH d7 [95] (ISTD),376.4,95.2,4.5,n,,,,,,,,,,,
DG 14:0_16:0 [-14:0],DG 14:0_16:0 [-14:0],DG 15:0_18:1 d7 (ISTD) [-15:0],558.5,313.3,5.2,n,,,,,,,,,,,
DG 14:0_16:0 [-16:0],DG 14:0_16:0 [-16:0],DG 15:0_18:1 d7 (ISTD) [-15:0],558.5,285.2,5.2,n,,,,,,,,,,,
DG 14:0_16:1 [-14:0],DG 14:0_16:1 [-14:0],DG 15:0_18:1 d7 (ISTD) [-15:0],556.5,311.3,4.9,n,,,,,,,,,,,
DG 14:0_16:1 [-16:1],DG 14:0_16:1 [-16:1],DG 15:0_18:1 d7 (ISTD) [-18:1],556.5,285.2,4.917,n,,,,,,,,,,,
DG 14:0_18:0 [-14:0],DG 14:0_18:0 [-14:0],DG 15:0_18:1 d7 (ISTD) [-15:0],586.5,341.3,5.533,n,,,,,,,,,,,
DG 14:0_18:0 [-18:0],DG 14:0_18:0 [-18:0],DG 15:0_18:1 d7 (ISTD) [-15:0],586.5,285.2,5.533,n,,,,,,,,,,,
DG 14:0_18:1 [-14:0],DG 14:0_18:1 [-14:0],DG 15:0_18:1 d7 (ISTD) [-15:0],584.5,339.3,5.25,n,,,,,,,,,,,
DG 14:0_18:1 [-18:1],DG 14:0_18:1 [-18:1],DG 15:0_18:1 d7 (ISTD) [-18:1],584.5,285.2,5.25,n,,,,,,,,,,,
DG 14:0_18:2 [-14:0],DG 14:0_18:2 [-14:0],DG 15:0_18:1 d7 (ISTD) [-15:0],582.5,337.3,4.983,n,,5.23,,,,rb,,,,,
DG 14:0_18:2 [-18:2],DG 14:0_18:2 [-18:2],DG 15:0_18:1 d7 (ISTD) [-18:1],582.5,285.2,4.983,n,,5.23,,,,rb,,,,,
DG 15:0_18:1 d7 (ISTD) [-15:0],DG 15:0_18:1 d7 (ISTD) [-15:0],DG 15:0_18:1 d7 (ISTD) [-15:0],605.1,346.3,5.4,n,,,,,,,,,,,
DG 15:0_18:1 d7 (ISTD) [-18:1],DG 15:0_18:1 d7 (ISTD) [-18:1],DG 15:0_18:1 d7 (ISTD) [-18:1],605.1,299,5.4,n,,,,,,,,,,,
DG 16:0_16:0 [-16:0],DG 16:0_16:0 [-16:0],DG 15:0_18:1 d7 (ISTD) [-15:0],586.5,313.2,5.533,n,,,,,,,,,,,
DG 16:0_16:1 [-16:0],DG 16:0_16:1 [-16:0],DG 15:0_18:1 d7 (ISTD) [-15:0],584.5,311.2,5.267,n,,,,,,,,,,,
DG 16:0_16:1 [-16:1],DG 16:0_16:1 [-16:1],DG 15:0_18:1 d7 (ISTD) [-18:1],584.5,313.2,5.267,n,,,,,,,,,,,
DG 16:0_18:0 [-16:0],DG 16:0_18:0 [-16:0],DG 15:0_18:1 d7 (ISTD) [-15:0],614.6,341.3,5.817,n,,,,,,,,,,,
DG 16:0_18:0 [-18:0],DG 16:0_18:0 [-18:0],DG 15:0_18:1 d7 (ISTD) [-15:0],614.6,313.3,5.817,n,,,,,,,,,,,
DG 16:0_18:1 [-16:0],DG 16:0_18:1 [-16:0],DG 15:0_18:1 d7 (ISTD) [-15:0],612.6,339.3,5.583,n,,,,,,,,,,,
DG 16:0_18:1 [-18:1],DG 16:0_18:1 [-18:1],DG 15:0_18:1 d7 (ISTD) [-18:1],612.6,313.3,5.583,n,,,,,,,,,,,
DG 16:0_18:2 [-16:0],DG 16:0_18:2 [-16:0],DG 15:0_18:1 d7 (ISTD) [-15:0],610.5,337.2,5.333,n,,,,,,,,,,,
DG 16:0_18:2 [-18:2],DG 16:0_18:2 [-18:2],DG 15:0_18:1 d7 (ISTD) [-18:1],610.5,313.2,5.333,n,,,,,,,,,,,
DG 16:0_20:0 [-16:0],DG 16:0_20:0 [-16:0],DG 15:0_18:1 d7 (ISTD) [-15:0],642.7,369.3,6.083,n,,,,,,,,,,,
DG 16:0_20:0 [-20:0],DG 16:0_20:0 [-20:0],DG 15:0_18:1 d7 (ISTD) [-15:0],642.6,313.3,6.083,n,,,,,,,,,,,
DG 16:0_20:3 [-20:3],DG 16:0_20:3 [-20:3],DG 15:0_18:1 d7 (ISTD) [-18:1],636.6,313.3,5.433,n,,5.8,,,,,,,,,
DG 16:0_20:4 [-20:4],DG 16:0_20:4 [-20:4],DG 15:0_18:1 d7 (ISTD) [-18:1],634.5,313.2,5.3,n,,,,,,,,,,,
DG 16:0_22:5 (a) [-22:5],DG 16:0_22:5 [-22:5],DG 15:0_18:1 d7 (ISTD) [-18:1],660.6,313.3,5.317,n,,,,,,,,,,,
DG 16:0_22:5 (b) [-22:5],DG 16:0_22:5 [-22:5],DG 15:0_18:1 d7 (ISTD) [-18:1],660.6,313.3,5.45,n,,,,,,,,,,,
DG 16:0_22:6 [-22:6],DG 16:0_22:6 [-22:6],DG 15:0_18:1 d7 (ISTD) [-18:1],658.5,313.2,5.217,n,,,,,,,,,,,
DG 16:1_16:1 [-16:1],DG 16:1_16:1 [-16:1],DG 15:0_18:1 d7 (ISTD) [-18:1],582.5,311.2,4.983,n,,,,,,rb  noisy,,,,,
DG 16:1_18:0 [-18:0],DG 16:1_18:0 [-18:0],DG 15:0_18:1 d7 (ISTD) [-15:0],612.6,311.3,5.583,n,,5.8,,,,rb noisy low abundant,,,,,
DG 16:1_18:1 [-16:1],DG 16:1_18:1 [-16:1],DG 15:0_18:1 d7 (ISTD) [-18:1],610.5,339.2,5.317,n,,,,,,,,,,,
DG 16:1_18:1 [-18:1],DG 16:1_18:1 [-18:1],DG 15:0_18:1 d7 (ISTD) [-18:1],610.5,311.2,5.317,n,,,,,,,,,,,
DG 18:0_18:0 [-18:0],DG 18:0_18:0 [-18:0],DG 15:0_18:1 d7 (ISTD) [-15:0],642.6,341.3,6.083,n,,,,,,,,,,,
DG 18:0_18:1 [-18:0],DG 18:0_18:1 [-18:0],DG 15:0_18:1 d7 (ISTD) [-15:0],640.6,339.3,5.867,n,,,,,,,,,,,
DG 18:0_18:1 [-18:1],DG 18:0_18:1 [-18:1],DG 15:0_18:1 d7 (ISTD) [-18:1],640.6,341.3,5.867,n,,,,,,,,,,,
DG 18:0_18:2 [-18:0],DG 18:0_18:2 [-18:0],DG 15:0_18:1 d7 (ISTD) [-15:0],638.6,337.3,5.65,n,,,,,,,,,,,
DG 18:0_18:2 [-18:2],DG 18:0_18:2 [-18:2],DG 15:0_18:1 d7 (ISTD) [-18:1],638.6,341.3,5.65,n,,,,,,,,,,,
DG 18:0_20:4 [-20:4],DG 18:0_20:4 [-20:4],DG 15:0_18:1 d7 (ISTD) [-18:1],662.6,341.3,5.6,n,,,,,,,,,,,
DG 18:1_18:1 [-18:1],DG 18:1_18:1 [-18:1],DG 15:0_18:1 d7 (ISTD) [-18:1],638.6,339.3,5.6,n,,,,,,,,,,,
DG 18:1_18:2 [-18:1],DG 18:1_18:2 [-18:1],DG 15:0_18:1 d7 (ISTD) [-18:1],636.6,337.3,5.383,n,,,,,,,,,,,
DG 18:1_18:2 [-18:2],DG 18:1_18:2 [-18:2],DG 15:0_18:1 d7 (ISTD) [-18:1],636.6,339.3,5.383,n,,,,,,,,,,,
DG 18:1_18:3 [-18:3],DG 18:1_18:3 [-18:3],DG 15:0_18:1 d7 (ISTD) [-18:1],634.5,339.2,5.167,n,,,,,,,,,,,
DG 18:1_20:3 [-20:3],DG 18:1_20:3 [-20:3],DG 15:0_18:1 d7 (ISTD) [-18:1],662.6,339.3,5.55,n,5.4,,,,,,,,,,
DG 18:1_20:4 [-18:1],DG 18:1_20:4 [-18:1],DG 15:0_18:1 d7 (ISTD) [-18:1],660.6,361.3,5.333,n,,,,,,,,,,,
DG 18:1_20:4 [-20:4],DG 18:1_20:4 [-20:4],DG 15:0_18:1 d7 (ISTD) [-18:1],660.6,339.3,5.333,n,,,,,,,,,,,
DG 18:2_18:2 [-18:2],DG 18:2_18:2 [-18:2],DG 15:0_18:1 d7 (ISTD) [-18:1],634.5,337.2,5.133,n,,,,,,,,,,,
DG 18:2_20:3 [-20:3],DG 18:2_20:3 [-20:3],DG 15:0_18:1 d7 (ISTD) [-18:1],660.6,337.3,5.333,n,5.14,,,,,,,,,,
DG 18:2_20:4 [-20:4],DG 18:2_20:4 [-20:4],DG 15:0_18:1 d7 (ISTD) [-18:1],658.5,337.2,5.083,n,,,,,,,,,,,
GM3 d18:1/16:0 [264],GM3 d18:1/16:0 [264],Hex2Cer d18:1/12:0 (ISTD),1153.7,264.3,3.75,n,,,,,,,,,,,
GM3 d18:1/18:0 [264],GM3 d18:1/18:0 [264],Hex2Cer d18:1/12:0 (ISTD),1181.8,264.3,4.1,n,,,,,,,,,,,
GM3 d18:1/20:0 [264],GM3 d18:1/20:0 [264],Hex2Cer d18:1/12:0 (ISTD),1209.8,264.3,4.433,n,,,,,,,,,,,
GM3 d18:1/22:0 [264],GM3 d18:1/22:0 [264],Hex2Cer d18:1/12:0 (ISTD),1237.8,264.3,4.767,n,,,,,,rb  noisy,,,,,
GM3 d18:1/24:0 [264],GM3 d18:1/24:0 [264],Hex2Cer d18:1/12:0 (ISTD),1265.8,264.3,5.067,n,,,,,,rb  noisy,,,,,
GM3 d18:1/24:1 [264],GM3 d18:1/24:1 [264],Hex2Cer d18:1/12:0 (ISTD),1263.8,264.3,4.767,n,,4.93,,,,rb  noisy,,,,,
Hex2Cer d18:1/12:0 (ISTD),Hex2Cer d18:1/12:0 (ISTD),Hex2Cer d18:1/12:0 (ISTD),806.6,264.2,3.533,n,,,,,,,,,,,
Hex2Cer d18:1/12:0 (ISTD) [282],Hex2Cer d18:1/12:0 (ISTD) [282],Hex2Cer d18:1/12:0 (ISTD),806.6,282.2,3.55,n,,,,,,,,,,,
Hex2Cer d18:1/12:0 (ISTD) [M-H20 > 264],Hex2Cer d18:1/12:0 (ISTD) [M-H20 > 264],Hex2Cer d18:1/12:0 (ISTD),788.6,264.2,3.55,n,,,,,,,,,,,
Hex2Cer d18:1/16:0 [264],Hex2Cer d18:1/16:0 [264],Hex2Cer d18:1/12:0 (ISTD),862.6,264.3,4.317,n,,,,,,,,,,,
Hex2Cer d18:1/18:0 [264],Hex2Cer d18:1/18:0 [264],Hex2Cer d18:1/12:0 (ISTD),890.7,264.3,4.683,n,,,,,,,,,,,
Hex2Cer d18:1/20:0 [264],Hex2Cer d18:1/20:0 [264],Hex2Cer d18:1/12:0 (ISTD),918.7,264.3,5.017,n,,,,,,,,,,,
Hex2Cer d18:1/22:0 [264],Hex2Cer d18:1/22:0 [264],Hex2Cer d18:1/12:0 (ISTD),946.7,264.3,5.333,n,,5.53,,,,,,,,,
Hex2Cer d18:1/24:0 [264],Hex2Cer d18:1/24:0 [264],Hex2Cer d18:1/12:0 (ISTD),974.8,264.3,5.633,n,5.52,,,,,,,,,,
Hex2Cer d18:1/24:1 [264],Hex2Cer d18:1/24:1 [264],Hex2Cer d18:1/12:0 (ISTD),972.7,264.3,5.333,n,,,,,,,,,,,
Hex3Cer d18:1/16:0 [264],Hex3Cer d18:1/16:0 [264],Hex2Cer d18:1/12:0 (ISTD),1024.7,264.3,4.167,n,,,,,,,,,,,
Hex3Cer d18:1/18:0 [264],Hex3Cer d18:1/18:0 [264],Hex2Cer d18:1/12:0 (ISTD),1052.7,264.3,4.533,n,,,,,,,,,,,
Hex3Cer d18:1/20:0 [264],Hex3Cer d18:1/20:0 [264],Hex2Cer d18:1/12:0 (ISTD),1080.7,264.3,4.9,n,,,,,,,,,,,
Hex3Cer d18:1/22:0 [264],Hex3Cer d18:1/22:0 [264],Hex2Cer d18:1/12:0 (ISTD),1108.8,264.3,5.2,n,,,,,,,,,,,
Hex3Cer d18:1/24:0 [264],Hex3Cer d18:1/24:0 [264],Hex2Cer d18:1/12:0 (ISTD),1136.8,264.3,5.5,n,,,,,,z,,,,,
Hex3Cer d18:1/24:1 [264],Hex3Cer d18:1/24:1 [264],Hex2Cer d18:1/12:0 (ISTD),1134.8,264.3,5.2,n,,,,,,z,,,,,
HexCer d18:1/08:0 (ISTD) [264],HexCer d18:1/08:0 (ISTD) [264],Hex2Cer d18:1/12:0 (ISTD),587.4,264.2,2.983,n,,,,,,,,,,,
HexCer d18:1/12:0 (ISTD) [264],HexCer d18:1/12:0 (ISTD) [264],Hex2Cer d18:1/12:0 (ISTD),644.5,264.2,3.733,n,,,,,,,,,,,
HexCer d18:1/12:0 (ISTD) [282],HexCer d18:1/12:0 (ISTD) [282],Hex2Cer d18:1/12:0 (ISTD),644.5,282.2,3.733,n,,,,,,,,,,,
HexCer d18:1/12:0 (ISTD) [M-H2O > 264],HexCer d18:1/12:0 (ISTD) [M-H2O > 264],Hex2Cer d18:1/12:0 (ISTD),626.5,264.2,3.733,n,,,,,,,,,,,
HexCer d18:1/16:0 [264],HexCer d18:1/16:0 [264],Hex2Cer d18:1/12:0 (ISTD),700.6,264.3,4.517,n,,,,,,,,,,,
HexCer d18:1/18:0 [264],HexCer d18:1/18:0 [264],Hex2Cer d18:1/12:0 (ISTD),728.6,264.3,4.9,n,,,,,,z,,,,,
HexCer d18:1/20:0 [264],HexCer d18:1/20:0 [264],Hex2Cer d18:1/12:0 (ISTD),756.6,264.3,5.233,n,,,,,,z,,,,,
HexCer d18:1/22:0 [264],HexCer d18:1/22:0 [264],Hex2Cer d18:1/12:0 (ISTD),784.7,264.3,5.533,n,,,,,,,,,,,
HexCer d18:1/24:0 [264],HexCer d18:1/24:0 [264],Hex2Cer d18:1/12:0 (ISTD),812.7,264.3,5.817,n,,,,,,,,,,,
HexCer d18:1/24:1 [264],HexCer d18:1/24:1 [264],Hex2Cer d18:1/12:0 (ISTD),810.7,264.3,5.533,n,,,,,,,,,,,
LPC 14:0 (a),LPC 14:0,LPC 18:1 (ab) d7 (ISTD),468.3,184.1,1.633,n,,,,,,,,,,,
LPC 14:0 (b),LPC 14:0,LPC 18:1 (ab) d7 (ISTD),468.3,184.1,1.72,n,,,,,,,,,,,
LPC 15:0 (a),LPC 15:0,LPC 18:1 (ab) d7 (ISTD),482.3,184.1,1.9,n,,,,,,,,,,,
LPC 15:0 (b),LPC 15:0,LPC 18:1 (ab) d7 (ISTD),482.3,184.1,2,n,,,,,,,,,,,
LPC 16:0 (a),LPC 16:0,LPC 18:1 (ab) d7 (ISTD),496.3,184.1,2.133,n,,,,,,,,,,,
LPC 16:0 (b),LPC 16:0,LPC 18:1 (ab) d7 (ISTD),496.3,184.1,2.23,n,,,,,,,,,,,
LPC 16:1 (a),LPC 16:1,LPC 18:1 (ab) d7 (ISTD),494.3,184.1,1.783,n,,1.8,,,,border a bit shifted in auto mode,,,,,
LPC 16:1 (b),LPC 16:1,LPC 18:1 (ab) d7 (ISTD),494.3,184.1,1.86,n,1.8,,,,,border a bit shifted in auto mode,,,,,
LPC 17:0 (a),LPC 17:0,LPC 18:1 (ab) d7 (ISTD),510.4,184.1,2.36,n,2.2,2.38,,,,,,,,,
LPC 17:0 (b),LPC 17:0,LPC 18:1 (ab) d7 (ISTD),510.4,184.1,2.433,n,2.38,,,,,,,,,,
LPC 17:1 (a),LPC 17:1,LPC 18:1 (ab) d7 (ISTD),508.4,184.1,2.017,n,,,,,,,,,,,
LPC 17:1 (b),LPC 17:1,LPC 18:1 (ab) d7 (ISTD),508.4,184.1,2.1,n,,2.2,,,,,,,,,
LPC 17:1 (c),LPC 17:1,LPC 18:1 (ab) d7 (ISTD),508.4,184.1,2.1,n,2.2,,,,,,,,,,
LPC 18:0 (a),LPC 18:0,LPC 18:1 (ab) d7 (ISTD),524.4,184.1,2.54,n,,2.58,,,,,,,,,
LPC 18:0 (b),LPC 18:0,LPC 18:1 (ab) d7 (ISTD),524.4,184.1,2.65,n,2.58,,,,,,,,,,
LPC 18:1 (a),LPC 18:1,LPC 18:1 (ab) d7 (ISTD),522.4,184.1,2.233,n,,,,,,,,,,,
LPC 18:1 (a) d7 (ISTD),LPC 18:1 d7 (ISTD),LPC 18:1 (ab) d7 (ISTD),529.7,184.1,2.22,n,,,,,,,,,,,
LPC 18:1 (ab) d7 (ISTD),LPC 18:1 (ab) d7 (ISTD),LPC 18:1 (ab) d7 (ISTD),529.7,184.1,2.22,n,2.13,2.6,,,,,,,,,
LPC 18:1 (b),LPC 18:1,LPC 18:1 (ab) d7 (ISTD),522.4,184.1,2.32,n,,,,,,,,,,,
LPC 18:1 (b) d7 (ISTD),LPC 18:1 d7 (ISTD),LPC 18:1 (ab) d7 (ISTD),529.7,184.1,2.3,n,,,,,,,,,,,
LPC 18:2 (a),LPC 18:2,LPC 18:1 (ab) d7 (ISTD),520.3,184.1,1.933,n,,,,,,,,,,,
LPC 18:2 (b),LPC 18:2,LPC 18:1 (ab) d7 (ISTD),520.3,184.1,2.02,n,,,,,,,,,,,
LPC 18:3 (a),LPC 18:3,LPC 18:1 (ab) d7 (ISTD),518.3,184.1,1.63,n,1.5,1.65,,,,,,,,,
LPC 18:3 (b),LPC 18:3,LPC 18:1 (ab) d7 (ISTD),518.3,184.1,1.73,n,1.65,,,,,,,,,,
LPC 20:0 (a),LPC 20:0,LPC 18:1 (ab) d7 (ISTD),552.4,184.1,2.93,n,,2.96,,,,,,,,,
LPC 20:0 (b),LPC 20:0,LPC 18:1 (ab) d7 (ISTD),552.4,184.1,3.3,n,2.96,,,,,,,,,,
LPC 20:1 (a),LPC 20:1,LPC 18:1 (ab) d7 (ISTD),550.4,184.1,2.61,n,2.54,2.635,,,,,,,,,
LPC 20:1 (b),LPC 20:1,LPC 18:1 (ab) d7 (ISTD),550.4,184.1,2.683,n,2.635,,,,,,,,,,
LPC 20:2 (a),LPC 20:2,LPC 18:1 (ab) d7 (ISTD),548.4,184.1,2.35,n,,,,,,,,,,,
LPC 20:2 (b),LPC 20:2,LPC 18:1 (ab) d7 (ISTD),548.4,184.1,2.43,n,,,,,,,,,,,
LPC 20:3 (a),LPC 20:3,LPC 18:1 (ab) d7 (ISTD),546.4,184.1,2.08,n,,2.125,,,,,,,,,
LPC 20:3 (b),LPC 20:3,LPC 18:1 (ab) d7 (ISTD),546.4,184.1,2.183,n,2.125,,,,,,,,,,
LPC 20:4 (a),LPC 20:4,LPC 18:1 (ab) d7 (ISTD),544.3,184.1,1.93,n,1.8,1.94,,,,,,,,,
LPC 20:4 (b),LPC 20:4,LPC 18:1 (ab) d7 (ISTD),544.3,184.1,2,n,1.94,,,,,,,,,,
LPC 20:5 (a),LPC 20:5,LPC 18:1 (ab) d7 (ISTD),542.3,184.1,1.633,n,,,,,,,,,,,
LPC 20:5 (b),LPC 20:5,LPC 18:1 (ab) d7 (ISTD),542.3,184.1,1.72,n,,,,,,,,,,,
LPC 22:0 (a),LPC 22:0,LPC 18:1 (ab) d7 (ISTD),580.4,184.1,3.35,n,,,,,,,,,,,
LPC 22:0 (b),LPC 22:0,LPC 18:1 (ab) d7 (ISTD),580.4,184.1,3.43,n,,,,,,,,,,,
LPC 22:1 (a),LPC 22:1,LPC 18:1 (ab) d7 (ISTD),578.4,184.1,2.967,n,,,,,,,,,,,
LPC 22:1 (b),LPC 22:1,LPC 18:1 (ab) d7 (ISTD),578.4,184.1,3.05,n,,,,,,,,,,,
LPC 22:5 (a),LPC 22:5,LPC 18:1 (ab) d7 (ISTD),570.4,184.1,2.06,n,1.94,2.15,,,,,,,,,
LPC 22:5 (b),LPC 22:5,LPC 18:1 (ab) d7 (ISTD),570.4,184.1,2.21,n,2.15,2.5,,,,,,,,,
LPC 22:6 (a),LPC 22:6,LPC 18:1 (ab) d7 (ISTD),568.3,184.1,1.86,n,1.78,1.88,,,,,,,,,
LPC 22:6 (b),LPC 22:6,LPC 18:1 (ab) d7 (ISTD),568.3,184.1,1.95,n,1.88,,,,,,,,,,
LPC 24:0 (a),LPC 24:0,LPC 18:1 (ab) d7 (ISTD),608.5,184.1,3.783,n,,,,,,,,,,,
LPC 24:0 (b),LPC 24:0,LPC 18:1 (ab) d7 (ISTD),608.5,184.1,3.85,n,,,,,,,,,,,
LPC 26:0 (a),LPC 26:0,LPC 18:1 (ab) d7 (ISTD),636.5,184.1,4.217,n,,,,,,,,,,,
LPC 26:0 (b),LPC 26:0,LPC 18:1 (ab) d7 (ISTD),636.5,184.1,4.31,n,,,,,,,,,,,
LPC O-16:0,LPC O-16:0,LPC 18:1 (ab) d7 (ISTD),482.4,104.1,2.417,n,,,,,,,,,,,
LPC O-18:0,LPC O-18:0,LPC 18:1 (ab) d7 (ISTD),510.4,104.1,2.817,n,,,,,,,,,,,
LPC O-18:1,LPC O-18:1,LPC 18:1 (ab) d7 (ISTD),508.4,104.1,2.5,n,,,,,,,,,,,
LPC O-20:0,LPC O-20:0,LPC 18:1 (ab) d7 (ISTD),538.4,104.1,3.217,n,,,,,,,,,,,
LPC O-22:0,LPC O-22:0,LPC 18:1 (ab) d7 (ISTD),566.5,104.1,3.667,n,,,,,,,,,,,
LPC O-24:0,LPC O-24:0,LPC 18:1 (ab) d7 (ISTD),594.5,104.1,4.117,n,,,,,,,,,,,
LPC O-24:1,LPC O-24:1,LPC 18:1 (ab) d7 (ISTD),592.5,104.1,3.667,n,,,,,,,,,,,
LPC O-24:2,LPC O-24:2,LPC 18:1 (ab) d7 (ISTD),590.5,104.1,3.35,n,,,,,,,,,,,
LPC P-18:0,LPC P-18:0,LPC 18:1 (ab) d7 (ISTD),508.4,104.1,2.79,n,,,,,,,,,,,
LPC P-24:1,LPC P-24:1,LPC 18:1 (ab) d7 (ISTD),590.5,104.1,3.65,n,,,,,,,,,,,
LPE 14:0 (ISTD),LPE 14:0 (ISTD),LPE 18:1 d7 (ab) (ISTD),426.3,285.2,1.7,n,,,,,,,,,,,
LPE 16:0 (a),LPE 16:0,LPE 18:1 d7 (ab) (ISTD),454.3,313.3,2.217,n,,,,,,border a bit shifted,,,,,
LPE 16:0 (b),LPE 16:0,LPE 18:1 d7 (ab) (ISTD),454.3,313.3,2.3,n,,,,,,,,,,,
LPE 18:0 (a),LPE 18:0,LPE 18:1 d7 (ab) (ISTD),482.3,341.3,2.65,n,2.46,2.65,,,,,,,,,
LPE 18:0 (b),LPE 18:0,LPE 18:1 d7 (ab) (ISTD),482.3,341.3,2.72,n,2.65,,,,,,,,,,
LPE 18:1 (a),LPE 18:1,LPE 18:1 d7 (ab) (ISTD),480.3,339.3,2.31,n,,2.33,,,,,,,,,
LPE 18:1 (b),LPE 18:1,LPE 18:1 d7 (ab) (ISTD),480.3,339.3,2.383,n,2.33,,,,,,,,,,
LPE 18:1 d7 (a) (ISTD),LPE 18:1 d7 (ISTD),LPE 18:1 d7 (ab) (ISTD),487.1,346.2,2.31,n,2.2,2.33,,,,,,,,,
LPE 18:1 d7 (ab) (ISTD),LPE 18:1 d7 (ab) (ISTD),LPE 18:1 d7 (ab) (ISTD),487.1,346.2,2.31,n,2.2,2.7,,,,,,,,,
LPE 18:1 d7 (b) (ISTD),LPE 18:1 d7 (ISTD),LPE 18:1 d7 (ab) (ISTD),487.1,346.2,2.383,n,2.33,,,,,border a bit shifted,,,,,
LPE 18:2 (a),LPE 18:2,LPE 18:1 d7 (ab) (ISTD),478.3,337.3,2,n,1.9,2.03,,,,border a bit shifted,,,,,
LPE 18:2 (b),LPE 18:2,LPE 18:1 d7 (ab) (ISTD),478.3,337.3,2.083,n,2.03,,,,,,,,,,
LPE 20:4 (a),LPE 20:4,LPE 18:1 d7 (ab) (ISTD),502.3,361.3,1.99,n,1.88,2,,,,,,,,,
LPE 20:4 (b),LPE 20:4,LPE 18:1 d7 (ab) (ISTD),502.3,361.3,2.05,n,2,,,,,,,,,,
LPE 22:6 (a),LPE 22:6,LPE 18:1 d7 (ab) (ISTD),526.3,385.3,1.94,n,1.85,1.96,,,,,,,,,
LPE 22:6 (b),LPE 22:6,LPE 18:1 d7 (ab) (ISTD),526.3,385.3,2,n,1.96,,,,,,,,,,
LPI 18:0,LPI 18:0,LPE 18:1 d7 (ab) (ISTD),618.3,341.3,2.35,n,,,,,,,,,,,
LPI 18:1,LPI 18:1,LPE 18:1 d7 (ab) (ISTD),616.3,339.3,1.95,n,,,,,,,,,,,
LPI 18:2,LPI 18:2,LPE 18:1 d7 (ab) (ISTD),614.3,337.3,1.633,n,,,,,,,,,,,
LPI 20:4 (a),LPI 20:4,LPE 18:1 d7 (ab) (ISTD),638.3,361.3,1.617,n,,,,,,,,,,,
LPI 20:4 (b),LPI 20:4,LPE 18:1 d7 (ab) (ISTD),638.3,361.3,1.71,n,,,,,,,,,,,
PC 28:0|SM 32:1 M+3,PC 28:0|SM 32:1 M+3,PC 33:1 d7 (ISTD),678.5,184.1,3.917,n,,,,,,,,,,,
PC 29:0|SM 33:1 M+3,PC 29:0|SM 33:1 M+3,PC 33:1 d7 (ISTD),692.5,184.1,4.1,n,,,,,,,,,,,
PC 30:0,PC 30:0,PC 33:1 d7 (ISTD),706.5,184.1,4.317,n,,,,,,,,,,,
PC 31:1,PC 31:1,PC 33:1 d7 (ISTD),718.5,184.1,4.25,n,,,,,,,,,,,
PC 32:0,PC 32:0,PC 33:1 d7 (ISTD),734.6,184.1,4.65,n,,,,,,,,,,,
PC 32:1,PC 32:1,PC 33:1 d7 (ISTD),732.6,184.1,4.38,n,,,,,,,,,,,
PC 32:2,PC 32:2,PC 33:1 d7 (ISTD),730.5,184.1,4.08,n,,,,,,,,,,,
PC 32:3,PC 32:3,PC 33:1 d7 (ISTD),728.5,184.1,3.85,n,,,,,,,,,,,
PC 33:0 (a),PC 33:0,PC 33:1 d7 (ISTD),748.6,184.1,4.8,n,,,,,,,,,,,
PC 33:0 (b),PC 33:0,PC 33:1 d7 (ISTD),748.6,184.1,4.96,n,,,,,,,,,,,
PC 33:1,PC 33:1,PC 33:1 d7 (ISTD),746.6,184.1,4.55,n,4.25,,,,,,,,,,
PC 33:1 d7 (ISTD),PC 33:1 d7 (ISTD),PC 33:1 d7 (ISTD),753.2,184.1,4.55,n,,,,,,,,,,,
PC 33:2,PC 33:2,PC 33:1 d7 (ISTD),744.6,184.1,4.283,n,,,,,,,,,,,
PC 34:0,PC 34:0,PC 33:1 d7 (ISTD),762.6,184.1,5.033,n,,,,,,,,,,,
PC 34:1,PC 34:1,PC 33:1 d7 (ISTD),760.6,184.1,4.75,n,,,,,,,,,,,
PC 34:2,PC 34:2,PC 33:1 d7 (ISTD),758.6,184.1,4.483,n,,,,,,,,,,,
PC 34:3,PC 34:3,PC 33:1 d7 (ISTD),756.6,184.1,4.217,n,4,,,,,,,,,,
PC 34:4,PC 34:4,PC 33:1 d7 (ISTD),754.5,184.1,4.05,n,,,,,,,,,,,
PC 35:2,PC 35:2,PC 33:1 d7 (ISTD),772.6,184.1,4.65,n,4.48,,,,,,,,,,
PC 35:3,PC 35:3,PC 33:1 d7 (ISTD),770.6,184.1,4.383,n,,,,,,,,,,,
PC 36:1,PC 36:1,PC 33:1 d7 (ISTD),788.6,184.1,5.083,n,,,,,,,,,,,
PC 36:2,PC 36:2,PC 33:1 d7 (ISTD),786.6,184.1,4.85,n,,,,,,,,,,,
PC 36:3,PC 36:3,PC 33:1 d7 (ISTD),784.6,184.1,4.567,n,,,,,,,,,,,
PC 36:4 (a)|PC 36:5 M+2,PC 36:4,PC 33:1 d7 (ISTD),782.6,184.1,4.25,n,,,,,,,,,,,
PC 36:4 (b),PC 36:4,PC 33:1 d7 (ISTD),782.6,184.1,4.433,n,,,,,,,,,,,
PC 36:5,PC 36:5,PC 33:1 d7 (ISTD),780.6,184.1,4.2,n,,,,,,,,,,,
PC 36:6 (a),PC 36:6,PC 33:1 d7 (ISTD),778.5,184.1,3.88,n,3.79,3.917,,,,,,,,,
PC 36:6 (b),PC 36:6,PC 33:1 d7 (ISTD),778.5,184.1,4,n,3.917,4.21,,,,,,,,,
PC 38:2,PC 38:2,PC 33:1 d7 (ISTD),814.6,184.1,5.15,n,,,,,,,,,,,
PC 38:3,PC 38:3,PC 33:1 d7 (ISTD),812.6,184.1,4.933,n,,,,,,,,,,,
PC 38:4 (a)|PC 38:5 (b) M+2,PC 38:4,PC 33:1 d7 (ISTD),810.6,184.1,4.667,n,4.5,,,,,,,,,,
PC 38:4 (b),PC 38:4,PC 33:1 d7 (ISTD),810.6,184.1,4.81,n,,,,,,,,,,,
PC 38:5 (a),PC 38:5,PC 33:1 d7 (ISTD),808.6,184.1,4.483,n,,,,,,,,,,,
PC 38:5 (b),PC 38:5,PC 33:1 d7 (ISTD),808.6,184.1,4.58,n,,,,,,,,,,,
PC 38:6 (a),PC 38:6,PC 33:1 d7 (ISTD),806.6,184.1,4.23,n,,,,,,,,,,,
PC 38:6 (b),PC 38:6,PC 33:1 d7 (ISTD),806.6,184.1,4.35,n,,,,,,,,,,,
PC 38:7,PC 38:7,PC 33:1 d7 (ISTD),804.6,184.1,4.05,n,3.83,,,,,,,,,,
PC 40:4,PC 40:4,PC 33:1 d7 (ISTD),838.6,184.1,5.033,n,4.96,,,,,,,,,,
PC 40:5 (a),PC 40:5,PC 33:1 d7 (ISTD),836.6,184.1,4.833,n,,,,,,,,,,,
PC 40:5 (b),PC 40:5,PC 33:1 d7 (ISTD),836.6,184.1,4.95,n,,,,,,,,,,,
PC 40:6,PC 40:6,PC 33:1 d7 (ISTD),834.6,184.1,4.733,n,,,,,,,,,,,
PC 40:7,PC 40:7,PC 33:1 d7 (ISTD),832.6,184.1,4.4,n,4.23,,,,,,,,,,
PC 40:8,PC 40:8,PC 33:1 d7 (ISTD),830.6,184.1,4.15,n,,,,,,,,,,,
PC O-32:0,PC O-32:0,PC 33:1 d7 (ISTD),720.6,184.1,4.917,n,,,,,,,,,,,
PC O-32:1,PC O-32:1,PC 33:1 d7 (ISTD),718.5,184.1,4.633,n,,,,,,,,,,,
PC O-32:2,PC O-32:2,PC 33:1 d7 (ISTD),716.6,184.1,4.333,n,,,,,,,,,,,
PC O-34:1,PC O-34:1,PC 33:1 d7 (ISTD),746.6,184.1,4.967,n,,,,,,,,,,,
PC O-34:2,PC O-34:2,PC 33:1 d7 (ISTD),744.6,184.1,4.717,n,,,,,,,,,,,
PC O-34:4,PC O-34:4,PC 33:1 d7 (ISTD),740.6,184.1,4.1,n,4.17,,,,,,,,,,
PC O-36:2,PC O-36:2,PC 33:1 d7 (ISTD),772.6,184.1,5.07,n,,,,,,,,,,,
PC O-36:3,PC O-36:3,PC 33:1 d7 (ISTD),770.6,184.1,4.767,n,,,,,,,,,,,
PC O-36:4,PC O-36:4,PC 33:1 d7 (ISTD),768.6,184.1,4.683,n,,,,,,,,,,,
PC O-38:4,PC O-38:4,PC 33:1 d7 (ISTD),796.6,184.1,5.05,n,4.94,,,,,,,,,,
PC O-38:5,PC O-38:5,PC 33:1 d7 (ISTD),794.6,184.1,4.717,n,,,,,,,,,,,
PC O-40:5,PC O-40:5,PC 33:1 d7 (ISTD),822.6,184.1,5.26,n,5.26,,,,,small peak after large tailing peak with little separation,,,,,OK
PC O-40:6,PC O-40:6,PC 33:1 d7 (ISTD),820.6,184.1,4.95,n,,,,,,,,,,,
PC O-40:7,PC O-40:7,PC 33:1 d7 (ISTD),818.6,184.1,4.65,n,,,,,,,,,,,
PC P-32:0,PC P-32:0,PC 33:1 d7 (ISTD),718.5,184.1,4.883,n,,,,,,,,,,,
PC P-32:1,PC P-32:1,PC 33:1 d7 (ISTD),716.6,184.1,4.6,n,,,,,,,,,,,
PC P-34:1,PC P-34:1,PC 33:1 d7 (ISTD),744.6,184.1,4.933,n,,,,,,,,,,,
PC P-34:2,PC P-34:2,PC 33:1 d7 (ISTD),742.5,184.1,4.667,n,,,,,,,,,,,
PC P-36:2,PC P-36:2,PC 33:1 d7 (ISTD),770.6,184.1,5.017,n,,,,,,,,,,,
PC P-36:4,PC P-36:4,PC 33:1 d7 (ISTD),766.6,184.1,4.633,n,,,,,,,,,,,
PC P-36:5,PC P-36:5,PE 33:1 d7 (ISTD),764.6,184.1,4.38,n,,,,,,,,,,,
PC P-38:4,PC P-38:4,PC 33:1 d7 (ISTD),794.6,184.1,4.967,n,4.915,,,,,,,,,,
PC P-38:5,PC P-38:5,PC 33:1 d7 (ISTD),792.6,184.1,4.633,n,4.51,,,,,lb not fully clear,,,,,OK
PC P-40:6,PC P-40:6,PC 33:1 d7 (ISTD),818.6,184.1,4.9,n,,,,,,,,,,,
PE 28:0,PE 28:0,PE 33:1 d7 (ISTD),636.5,495.5,4.05,n,,,,,,,,,,,
PE 32:0,PE 32:0,PE 33:1 d7 (ISTD),692.5,551.5,4.8,n,,,,,,Very noisy ,,,,,OK
PE 32:1,PE 32:1,PE 33:1 d7 (ISTD),690.5,549.5,4.533,n,,4.88,,,,,,,,,
PE 33:1 d7 (ISTD),PE 33:1 d7 (ISTD),PE 33:1 d7 (ISTD),712.2,571.1,4.667,n,,,,,,,,,,,
PE 34:1,PE 34:1,PE 33:1 d7 (ISTD),718.5,577.5,4.867,n,,,,,,,,,,,
PE 34:2,PE 34:2,PE 33:1 d7 (ISTD),716.5,575.5,4.6,n,,,,,,,,,,,
PE 34:3,PE 34:3,PE 33:1 d7 (ISTD),714.5,573.5,4.367,n,4.18,,,,,,,,,,
PE 36:1,PE 36:1,PE 33:1 d7 (ISTD),746.6,605.6,5.2,n,,,,,,,,,,,
PE 36:2,PE 36:2,PE 33:1 d7 (ISTD),744.6,603.5,4.967,n,,,,,,,,,,,
PE 36:3|PE 36:4 M+2,PE 36:3|PE 36:4 M+2,PE 33:1 d7 (ISTD),742.5,601.5,4.65,n,4.44,,,,,,,,,,
PE 36:4,PE 36:4,PE 33:1 d7 (ISTD),740.5,599.5,4.583,n,,,,,,,,,,,
PE 36:5,PE 36:5,PE 33:1 d7 (ISTD),738.5,597.5,4.333,n,4.15,,,,,,,,,,
PE 38:4,PE 38:4,PE 33:1 d7 (ISTD),768.6,627.5,4.917,n,,,,,,,,,,,
PE 38:5,PE 38:5,PE 33:1 d7 (ISTD),766.5,625.5,4.617,n,4.52,,,,,,,,,,
PE 38:6,PE 38:6,PE 33:1 d7 (ISTD),764.5,623.5,4.5,n,,,,,,,,,,,
PE 40:4,PE 40:4,PE 33:1 d7 (ISTD),796.6,655.6,5.15,n,,,,,,,,,,,
PE 40:5 (a),PE 40:5,PE 33:1 d7 (ISTD),794.6,653.6,4.95,n,,,,,,,,,,,
PE 40:5 (b),PE 40:5,PE 33:1 d7 (ISTD),794.6,653.6,5.06,n,,,,,,,,,,,
PE 40:6,PE 40:6,PE 33:1 d7 (ISTD),792.6,651.5,4.867,n,,,,,,,,,,,
PE 40:7,PE 40:7,PE 33:1 d7 (ISTD),790.5,649.5,4.533,n,,,,,,,,,,,
PE O-34:1,PE O-34:1,PE 33:1 d7 (ISTD),704.6,563.5,5.1,n,,5.2,,,,"High baseline where peak , multipe peaks UNCLEAR",,,,,OK
PE O-34:2,PE O-34:2,PE 33:1 d7 (ISTD),702.5,561.5,4.867,n,,,,,,,,,,,
PE O-36:2,PE O-36:2,PE 33:1 d7 (ISTD),730.5,589.5,5.35,n,5.3,5.51,,,,"High baseline where peak , multipe peaks UNCLEAR",,,,,CHECK AGAIN
PE O-36:3,PE O-36:3,PE 33:1 d7 (ISTD),728.6,587.5,5.18,n,,5.53,,,,,,,,,
PE O-36:4,PE O-36:4,PE 33:1 d7 (ISTD),726.5,585.5,4.817,n,,,,,,,,,,,
PE O-36:5,PE O-36:5,PE 33:1 d7 (ISTD),724.5,583.5,4.6,n,,,,,,,,,,,
PE O-36:6,PE O-36:6,PE 33:1 d7 (ISTD),722.5,581.5,4.533,n,,,,,,,,,,,
PE O-38:4,PE O-38:4,PE 33:1 d7 (ISTD),754.6,613.6,5.167,n,,,,,,,,,,,
PE O-38:5,PE O-38:5,PE 33:1 d7 (ISTD),752.6,611.5,4.85,n,,,,,,,,,,,
PE O-40:5,PE O-40:5,PE 33:1 d7 (ISTD),780.6,639.6,5.183,n,5.13,5.38,,,,borders not clear,,,,,CHECK AGAIN
PE O-40:7,PE O-40:7,PE 33:1 d7 (ISTD),776.6,635.5,4.783,n,,,,,,,,,,,
PE P-16:0/18:1 [-FA-HG],PE P-16:0/18:1 [-FA-HG],PE 33:1 d7 (ISTD),702.5,364.3,5.067,n,,,,,,,,,,,
PE P-16:0/18:1 [-FA],PE P-16:0/18:1 [-FA],PE 33:1 d7 (ISTD),702.5,339.3,5.067,n,,,,,,,,,,,
PE P-16:0/18:2 [-FA-HG],PE P-16:0/18:2 [-FA-HG],PE 33:1 d7 (ISTD),700.5,364.3,4.8,n,,,,,,,,,,,
PE P-16:0/18:2 [-FA],PE P-16:0/18:2 [-FA],PE 33:1 d7 (ISTD),700.5,337.3,4.8,n,,,,,,,,,,,
PE P-16:0/20:4 [-FA-HG],PE P-16:0/20:4 [-FA-HG],PE 33:1 d7 (ISTD),724.5,364.3,4.767,n,,,,,,,,,,,
PE P-16:0/20:4 [-FA],PE P-16:0/20:4 [-FA],PE 33:1 d7 (ISTD),724.5,361.3,4.767,n,,,,,,,,,,,
PE P-16:0/22:5 (a) [-FA-HG],PE P-16:0/22:5 [-FA-HG],PE 33:1 d7 (ISTD),750.5,364.3,4.8,n,,,,,,,,,,,
PE P-16:0/22:5 (a) [-FA],PE P-16:0/22:5 [-FA],PE 33:1 d7 (ISTD),750.5,387.3,4.8,n,,,,,,,,,,,
PE P-16:0/22:5 (b) [-FA-HG],PE P-16:0/22:5 [-FA-HG],PE 33:1 d7 (ISTD),750.5,364.3,4.91,n,,,,,,,,,,,
PE P-16:0/22:5 (b) [-FA],PE P-16:0/22:5 [-FA],PE 33:1 d7 (ISTD),750.5,387.3,4.91,n,,,,,,,,,,,
PE P-16:0/22:6 [-FA-HG],PE P-16:0/22:6 [-FA-HG],PE 33:1 d7 (ISTD),748.5,364.3,4.683,n,,,,,,,,,,,
PE P-16:0/22:6 [-FA],PE P-16:0/22:6 [-FA],PE 33:1 d7 (ISTD),748.5,385.3,4.683,n,,,,,,,,,,,
PE P-18:0/18:1 [-FA-HG],PE P-18:0/18:1 [-FA-HG],PE 33:1 d7 (ISTD),730.5,392.3,5.383,n,,,,,,,,,,,
PE P-18:0/18:1 [-FA],PE P-18:0/18:1 [-FA],PE 33:1 d7 (ISTD),730.5,339.3,5.383,n,,,,,,,,,,,
PE P-18:0/18:2 [-FA-HG],PE P-18:0/18:2 [-FA-HG],PE 33:1 d7 (ISTD),728.6,392.3,5.167,n,,,,,,,,,,,
PE P-18:0/18:2 [-FA],PE P-18:0/18:2 [-FA],PE 33:1 d7 (ISTD),728.6,337.3,5.167,n,,,,,,,,,,,
PE P-18:0/20:4 [-FA-HG],PE P-18:0/20:4 [-FA-HG],PE 33:1 d7 (ISTD),752.6,392.3,5.117,n,,,,,,,,,,,
PE P-18:0/20:4 [-FA],PE P-18:0/20:4 [-FA],PE 33:1 d7 (ISTD),752.6,361.3,5.117,n,,,,,,,,,,,
PE P-18:0/22:5 (a) [-FA-HG],PE P-18:0/22:5 [-FA-HG],PE 33:1 d7 (ISTD),778.5,392.3,5.15,n,,,,,,,,,,,
PE P-18:0/22:5 (a) [-FA],PE P-18:0/22:5 [-FA],PE 33:1 d7 (ISTD),778.5,387.3,5.15,n,,,,,,,,,,,
PE P-18:0/22:5 (b) [-FA-HG],PE P-18:0/22:5 [-FA-HG],PE 33:1 d7 (ISTD),778.5,392.3,5.25,n,,,,,,,,,,,
PE P-18:0/22:5 (b) [-FA],PE P-18:0/22:5 [-FA],PE 33:1 d7 (ISTD),778.5,387.3,5.25,n,,,,,,,,,,,
PE P-18:0/22:6 [-FA-HG],PE P-18:0/22:6 [-FA-HG],PE 33:1 d7 (ISTD),776.6,392.3,5.05,n,,,,,,,,,,,
PE P-18:0/22:6 [-FA],PE P-18:0/22:6 [-FA],PE 33:1 d7 (ISTD),776.6,385.3,5.05,n,,,,,,,,,,,
PE P-20:0/20:4 [-FA-HG],PE P-20:0/20:4 [-FA-HG],PE 33:1 d7 (ISTD),780.6,420.3,5.433,n,,,,,,,,,,,
PE P-20:0/20:4 [-FA],PE P-20:0/20:4 [-FA],PE 33:1 d7 (ISTD),780.6,361.3,5.433,n,,,,,,,,,,,
PE P-34:1 [141],PE P-34:1 [141],PE 33:1 d7 (ISTD),702.5,561.5,5.067,n,,,,,,,,,,,
PE P-36:1 [141],PE P-36:1 [141],PE 33:1 d7 (ISTD),730.5,589.5,5.383,n,,5.49,,,,"Nosiy, high baseline",,OK --> QUALIFIER,,,
PE P-36:2 [141],PE P-36:2 [141],PE 33:1 d7 (ISTD),728.6,587.5,5.167,n,,,,,,,,,,,
PE P-36:4 [141],PE P-36:4 [141],PE 33:1 d7 (ISTD),724.5,583.5,4.767,n,,,,,,,,,,,
PE P-38:4 [141],PE P-38:4 [141],PE 33:1 d7 (ISTD),752.6,611.5,5.117,n,,,,,,,,,,,
PE P-40:4 [141],PE P-40:4 [141],PE 33:1 d7 (ISTD),780.6,639.6,5.433,n,,,,,,,,,,,
PE P-40:5 [141],PE P-40:5 [141],PE 33:1 d7 (ISTD),778.5,637.5,5.1,n,,,,,,,,,,,
PE P-40:6 [141],PE P-40:6 [141],PE 33:1 d7 (ISTD),776.6,635.5,5.05,n,,,,,,,,,,,
PG 33:1 d7 (ISTD),PG 33:1 d7 (ISTD),PG 33:1 d7 (ISTD),759.1,570.1,4.2,n,,,,,,,,,,,
PG 34:1,PG 34:1,PG 33:1 d7 (ISTD),766.6,577.5,4.383,n,,4.7,,,,noisy rb tailing,,,,,
PG 36:1,PG 36:1,PG 33:1 d7 (ISTD),794.6,605.6,4.717,n,4.6,4.92,,,,noisy rb tailing,,,,,
PG 36:2,PG 36:2,PG 33:1 d7 (ISTD),792.6,603.5,4.433,n,4.7,,,,,,,,,,
PI 32:0,PI 32:0,PI 33:1 d7 (ISTD),828.6,551.6,4.217,n,,,,,,,,,,,
PI 32:1,PI 32:1,PI 33:1 d7 (ISTD),826.5,549.5,3.917,n,,,,,,,,,,,
PI 33:1 d7 (ISTD),PI 33:1 d7 (ISTD),PI 33:1 d7 (ISTD),847.2,570.1,4.083,n,,,,,,,,,,,
PI 34:0,PI 34:0,PI 33:1 d7 (ISTD),856.6,579.6,4.567,n,,,,,,,,,,,
PI 34:1,PI 34:1,PI 33:1 d7 (ISTD),854.6,577.6,4.283,n,,,,,,,,,,,
PI 34:2,PI 34:2,PI 33:1 d7 (ISTD),852.6,575.6,4.017,n,,,,,,,,,,,
PI 36:1,PI 36:1,PI 33:1 d7 (ISTD),882.6,605.6,4.633,n,,,,,,,,,,,
PI 36:2,PI 36:2,PI 33:1 d7 (ISTD),880.6,603.6,4.383,n,,,,,,,,,,,
PI 36:3 | PI 36:4 M+2,PI 36:3,PI 33:1 d7 (ISTD),878.6,601.6,4.083,n,3.88,,,,,,,,,,
PI 36:4,PI 36:4,PI 33:1 d7 (ISTD),876.6,599.6,4,n,,,,,,,,,,,
PI 38:2,PI 38:2,PI 33:1 d7 (ISTD),908.6,631.6,4.683,n,,,,,,,,,,,
PI 38:3,PI 38:3,PI 33:1 d7 (ISTD),906.6,629.6,4.5,n,,,,,,,,,,,
PI 38:4,PI 38:4,PI 33:1 d7 (ISTD),904.6,627.6,4.35,n,,,,,,,,,,,
PI 38:5,PI 38:5,PI 33:1 d7 (ISTD),902.6,625.6,4.05,n,,,,,,,,,,,
PI 38:6,PI 38:6,PI 33:1 d7 (ISTD),900.6,623.6,3.917,n,,,,,,,,,,,
PI 40:4,PI 40:4,PI 33:1 d7 (ISTD),932.6,655.6,4.6,n,4.47,,,,,,,,,,
PI 40:5 (a),PI 40:5,PI 33:1 d7 (ISTD),930.6,653.6,4.383,n,4.3,,,,,,,,,,
PI 40:5 (b),PI 40:5,PI 33:1 d7 (ISTD),930.6,653.6,4.51,n,,,,,,,,,,,
PI 40:6,PI 40:6,PI 33:1 d7 (ISTD),928.6,651.6,4.283,n,,,,,,,,,,,
PS 33:1 d7 (ISTD),PS 33:1 d7 (ISTD),PS 33:1 d7 (ISTD),755.1,570.1,4.133,n,,,,,,,,,,,
PS 34:1,PS 34:1,PS 33:1 d7 (ISTD),762.6,577.6,4.383,n,4.25,4.6,,,,,,,,,
PS 34:2,PS 34:2,PS 33:1 d7 (ISTD),760.6,575.6,4.083,n,,,,,,,,,,,
PS 36:1,PS 36:1,PS 33:1 d7 (ISTD),790.6,605.6,4.683,n,4.58,5.15,,,,,,,,,
PS 36:2,PS 36:2,PS 33:1 d7 (ISTD),788.5,603.5,4.433,n,4.3,4.725,,,,,,,,,
PS 38:3,PS 38:3,PS 33:1 d7 (ISTD),814.6,629.6,4.533,n,,,,,,,,,,,
PS 38:4,PS 38:4,PS 33:1 d7 (ISTD),812.5,627.5,4.417,n,4.3,4.725,,,,,,,,,
PS 38:5,PS 38:5,PS 33:1 d7 (ISTD),810.5,625.5,4.183,n,3.8,4.3,,,,,,,,,
PS 40:5,PS 40:5,PS 33:1 d7 (ISTD),838.6,653.6,4.583,n,4.8,5.2,,,,,,,,,
PS 40:6,PS 40:6,PS 33:1 d7 (ISTD),836.5,651.5,4.333,n,4.25,4.7,,,,,,,,,
SM 30:1 (ISTD),SM 30:1 (ISTD),SM 36:2 d9 (ISTD),647.5,184.1,3.517,n,,,,,,,,,,,
SM 31:1,SM 31:1,SM 36:2 d9 (ISTD),661.5,184.1,3.7,n,,,,,,,,,,,
SM 32:0,SM 32:0,SM 36:2 d9 (ISTD),677.6,184.1,4.067,n,,,,,,,,,,,
SM 32:1,SM 32:1,SM 36:2 d9 (ISTD),675.5,184.1,3.917,n,,,,,,,,,,,
SM 32:2,SM 32:2,SM 36:2 d9 (ISTD),673.5,184.1,3.583,n,,,,,,,,,,,
SM 33:1,SM 33:1,SM 36:2 d9 (ISTD),689.6,184.1,4.1,n,,,,,,,,,,,
SM 34:0,SM 34:0,SM 36:2 d9 (ISTD),705.6,184.1,4.433,n,,,,,,,,,,,
SM 34:1,SM 34:1,SM 36:2 d9 (ISTD),703.6,184.1,4.317,n,,,,,,,,,,,
SM 34:2,SM 34:2,SM 36:2 d9 (ISTD),701.6,184.1,4,n,,,,,,,,,,,
SM 34:3 ,SM 34:3,SM 36:2 d9 (ISTD),699.5,184.1,3.733,n,,4.1,,,,,,,,,
SM 35:1|PC P_32:1 M+1,SM 35:1,SM 36:2 d9 (ISTD),717.6,184.1,4.517,n,4.23,,,,,,,,,,
SM 35:2,SM 35:2,SM 36:2 d9 (ISTD),715.6,184.1,4.183,n,,,,,,,,,,,
SM 36:1,SM 36:1,SM 36:2 d9 (ISTD),731.6,184.1,4.7,n,,,,,,,,,,,
SM 36:2,SM 36:2,SM 36:2 d9 (ISTD),729.6,184.1,4.383,n,,,,,,,,,,,
SM 36:2 d9 (ISTD),SM 36:2 d9 (ISTD),SM 36:2 d9 (ISTD),739.2,184.1,4.367,n,,,,,,,,,,,
SM 36:3,SM 36:3,SM 36:2 d9 (ISTD),727.6,184.1,4.083,n,,,,,,,,,,,
SM 38:1,SM 38:1,SM 36:2 d9 (ISTD),759.6,184.1,5.05,n,,,,,,,,,,,
SM 38:3|PC 33:1 d7 M+2,SM 38:3,SM 36:2 d9 (ISTD),755.6,184.1,4.533,n,,,,,,,,,,,
SM 39:1,SM 39:1,SM 36:2 d9 (ISTD),773.7,184.1,5.217,n,,,,,,,,,,,
SM 40:2,SM 40:2,SM 36:2 d9 (ISTD),785.7,184.1,5.08,n,,,,,,,,,,,
SM 40:3,SM 40:3,SM 36:2 d9 (ISTD),783.7,184.1,4.8,n,,,,,,,,,,,
SM 41:1 (a),SM 41:1,SM 36:2 d9 (ISTD),801.7,184.1,5.28,n,,,,,,,,,,,
SM 41:1 (b),SM 41:1,SM 36:2 d9 (ISTD),801.7,184.1,5.517,n,,,,,,,,,,,
SM 42:1,SM 42:1,SM 36:2 d9 (ISTD),815.7,184.1,5.667,n,,,,,,,,,,,
SM 42:2,SM 42:2,SM 36:2 d9 (ISTD),813.7,184.1,5.383,n,,,,,,,,,,,
SM 42:3,SM 42:3,SM 36:2 d9 (ISTD),811.7,184.1,5.117,n,,,,,,,,,,,
SM 43:1,SM 43:1,SM 36:2 d9 (ISTD),829.7,184.1,5.8,n,,,,,,,,,,,
TG 48:0 [-16:0],TG 48:0 [-16:0],TG 48:1 d7 (ISTD) [-15:0] ,824.8,551.5,7.1,n,,,,,,,,,,,
TG 48:0 [SIM],TG 48:0 [SIM],TG 48:1 d7 (ISTD) [SIM],824.8,824.8,7.1,n,,,,,,,,,,,
TG 48:0 d5 (ISTD) [-16:0],TG 48:0 d5 (ISTD) [-16:0],TG 48:1 d7 (ISTD) [-15:0] ,829.8,556.5,6.95,n,,,,,,,,,,,
TG 48:0 d5 (ISTD) [SIM],TG 48:0 d5 (ISTD) [SIM],TG 48:1 d7 (ISTD) [SIM],829.8,829.8,6.967,n,,,,,,,,,,,
TG 48:1 [-18:1],TG 48:1 [-18:1],TG 48:1 d7 (ISTD) [-15:0] ,822.8,523.5,6.967,n,,,,,,,,,,,
TG 48:1 [SIM],TG 48:1 [SIM],TG 48:1 d7 (ISTD) [SIM],822.8,822.8,6.967,n,,,,,,,,,,,
TG 48:1 d7 (ISTD) [-15:0] ,TG 48:1 d7 (ISTD) [-15:0] ,TG 48:1 d7 (ISTD) [-15:0] ,829.4,570.3,6.95,n,,,,,,,,,,,
TG 48:1 d7 (ISTD) [SIM],TG 48:1 d7 (ISTD) [SIM],TG 48:1 d7 (ISTD) [SIM],829.4,829.4,6.95,n,,,,,,,,,,,
TG 48:2 [-14:1],TG 48:2 [-14:1],TG 48:1 d7 (ISTD) [-15:0] ,820.8,577.6,6.833,n,,,,,,,,,,,
TG 48:2 [-16:0],TG 48:2 [-16:0],TG 48:1 d7 (ISTD) [-15:0] ,820.8,547.5,6.833,n,,,,,,,,,,,
TG 48:2 [-16:1],TG 48:2 [-16:1],TG 48:1 d7 (ISTD) [-15:0] ,820.8,549.5,6.833,n,,,,,,,,,,,
TG 48:2 [-18:1],TG 48:2 [-18:1],TG 48:1 d7 (ISTD) [-15:0] ,820.8,521.5,6.833,n,,,,,,,,,,,
TG 48:2 [SIM],TG 48:2 [SIM],TG 48:1 d7 (ISTD) [SIM],820.7,820.7,6.833,n,,,,,,,,,,,
TG 48:3 [-16:1],TG 48:3 [-16:1],TG 48:1 d7 (ISTD) [-15:0] ,818.8,547.5,6.7,n,,,,,,,,,,,
TG 48:3 [-18:2],TG 48:3 [-18:2],TG 48:1 d7 (ISTD) [-15:0] ,818.8,521.5,6.7,n,,,,,,,,,,,
TG 48:3 [SIM],TG 48:3 [SIM],TG 48:1 d7 (ISTD) [SIM],818.7,818.7,6.7,n,,,,,,,,,,,
TG 49:1 [-15:0],TG 49:1 [-15:0],TG 48:1 d7 (ISTD) [-15:0] ,836.8,577.5,7.067,n,,,,,,,,,,,
TG 49:1 [-16:0],TG 49:1 [-16:0],TG 48:1 d7 (ISTD) [-15:0] ,836.8,563.5,7.067,n,,,,,,,,,,,
TG 49:1 [-18:1],TG 49:1 [-18:1],TG 48:1 d7 (ISTD) [-15:0] ,836.8,537.5,7.05,n,,,,,,,,,,,
TG 49:1 [SIM],TG 49:1 [SIM],TG 48:1 d7 (ISTD) [SIM],836.8,836.8,7.067,n,,,,,,,,,,,
TG 50:0 [-18:0],TG 50:0 [-18:0],TG 48:1 d7 (ISTD) [-15:0] ,852.8,551.5,7.233,n,,,,,,Stromg tailing in some samples,,,,,
TG 50:0 [SIM],TG 50:0 [SIM],TG 48:1 d7 (ISTD) [SIM],852.8,852.8,7.233,n,,,,,,Stromg tailing in some samples,,,,,
TG 50:1 [-14:0],TG 50:1 [-14:0],TG 48:1 d7 (ISTD) [-15:0] ,850.8,605.6,7.117,n,,,,,,,,,,,
TG 50:1 [-18:1],TG 50:1 [-18:1],TG 48:1 d7 (ISTD) [-15:0] ,850.8,551.5,7.117,n,,,,,,,,,,,
TG 50:1 [SIM],TG 50:1 [SIM],TG 48:1 d7 (ISTD) [SIM],850.8,850.8,7.117,n,,,,,,,,,,,
TG 50:2 [-18:0],TG 50:2 [-18:0],TG 48:1 d7 (ISTD) [-15:0] ,848.8,547.5,7,n,,,,,,,,,,,
TG 50:2 [-18:1],TG 50:2 [-18:1],TG 48:1 d7 (ISTD) [-15:0] ,848.8,549.5,6.983,n,,,,,,,,,,,
TG 50:2 [-18:2],TG 50:2 [-18:2],TG 48:1 d7 (ISTD) [-15:0] ,848.8,551.5,7,n,,,,,,,,,,,
TG 50:2 [SIM],TG 50:2 [SIM],TG 48:1 d7 (ISTD) [SIM],848.8,848.8,7,n,,,,,,,,,,,
TG 50:3 [-14:1],TG 50:3 [-14:1],TG 48:1 d7 (ISTD) [-15:0] ,846.8,603.6,6.867,n,,,,,,,,,,,
TG 50:3 [-16:1],TG 50:3 [-16:1],TG 48:1 d7 (ISTD) [-15:0] ,846.8,575.6,6.85,n,,,,,,,,,,,
TG 50:3 [-18:1],TG 50:3 [-18:1],TG 48:1 d7 (ISTD) [-15:0] ,846.8,547.5,6.85,n,,,,,,,,,,,
TG 50:3 [SIM],TG 50:3 [SIM],TG 48:1 d7 (ISTD) [SIM],846.8,846.8,6.867,n,,,,,,,,,,,
TG 50:4 [-14:0],TG 50:4 [-14:0],TG 48:1 d7 (ISTD) [-15:0] ,844.8,599.5,6.733,n,,,,,,,,,,,
TG 50:4 [SIM],TG 50:4 [SIM],TG 48:1 d7 (ISTD) [SIM],844.7,844.7,6.75,n,,,,,,,,,,,
TG 51:0 [-16:0],TG 51:0 [-16:0],TG 48:1 d7 (ISTD) [-15:0] ,866.8,593.6,7.3,n,,7.7,,,,"rb, taling",,,,,
TG 51:0 [-17:0],TG 51:0 [-17:0],TG 48:1 d7 (ISTD) [-15:0] ,866.8,579.5,7.3,n,,7.7,,,,"rb, taling",,,,,
TG 51:1 [-18:1],TG 51:1 [-18:1],TG 48:1 d7 (ISTD) [-15:0] ,864.8,565.5,7.183,n,,,,,,,,,,,
TG 51:1 [SIM],TG 51:1 [SIM],TG 48:1 d7 (ISTD) [SIM],864.8,864.8,7.183,n,,,,,,,,,,,
TG 51:2 [-15:0],TG 51:2 [-15:0],TG 48:1 d7 (ISTD) [-15:0] ,862.8,603.6,7.05,n,,7.23,,,,,,,,,
TG 51:2 [-16:0],TG 51:2 [-16:0],TG 48:1 d7 (ISTD) [-15:0] ,862.8,589.6,7.05,n,,,,,,,,,,,
TG 51:2 [-18:1],TG 51:2 [-18:1],TG 48:1 d7 (ISTD) [-15:0] ,862.8,563.5,7.05,n,,,,,,,,,,,
TG 51:2 [SIM],TG 51:2 [SIM],TG 48:1 d7 (ISTD) [SIM],862.8,862.8,7.05,n,,,,,,,,,,,
TG 52:1 [-18:0],TG 52:1 [-18:0],TG 48:1 d7 (ISTD) [-15:0] ,878.8,577.5,7.25,n,,,,,,,,,,,
TG 52:1 [SIM],TG 52:1 [SIM],TG 48:1 d7 (ISTD) [SIM],878.8,878.8,7.25,n,,,,,,,,,,,
TG 52:2 [-16:0],TG 52:2 [-16:0],TG 48:1 d7 (ISTD) [-15:0] ,876.8,603.6,7.133,n,,,,,,,,,,,
TG 52:2 [SIM],TG 52:2 [SIM],TG 48:1 d7 (ISTD) [SIM],876.8,876.8,7.133,n,,,,,,,,,,,
TG 52:3 [-16:1],TG 52:3 [-16:1],TG 48:1 d7 (ISTD) [-15:0] ,874.8,603.6,7,n,,,,,,,,,,,
TG 52:3 [-18:2],TG 52:3 [-18:2],TG 48:1 d7 (ISTD) [-15:0] ,874.8,577.6,7.017,n,,,,,,,,,,,
TG 52:3 [SIM],TG 52:3 [SIM],TG 48:1 d7 (ISTD) [SIM],874.8,874.8,7.017,n,,,,,,,,,,,
TG 52:4 [-16:0],TG 52:4 [-16:0],TG 48:1 d7 (ISTD) [-15:0] ,872.8,599.6,6.9,n,,,,,,,,,,,
TG 52:4 [-18:1],TG 52:4 [-18:1],TG 48:1 d7 (ISTD) [-15:0] ,872.8,573.6,6.9,n,,,,,,,,,,,
TG 52:4 [SIM],TG 52:4 [SIM],TG 48:1 d7 (ISTD) [SIM],872.8,872.8,6.9,n,,,,,,,,,,,
TG 53:2 [-17:0],TG 53:2 [-17:0],TG 48:1 d7 (ISTD) [-15:0] ,890.8,603.6,7.2,n,,,,,,,,,,,
TG 53:2 [SIM],TG 53:2 [SIM],TG 48:1 d7 (ISTD) [SIM],890.8,890.8,7.2,n,,,,,,,,,,,
TG 54:0 [-18:0],TG 54:0 [-18:0],TG 48:1 d7 (ISTD) [-15:0] ,908.9,607.6,7.467,n,,7.62,,,,,,,,,
TG 54:0 [SIM],TG 54:0 [SIM],TG 48:1 d7 (ISTD) [-15:0] ,908.9,908.9,7.467,n,,7.62,,,,nosiy,,,,,
TG 54:1 [-18:1],TG 54:1 [-18:1],TG 48:1 d7 (ISTD) [-15:0] ,906.9,607.6,7.367,n,,,,,,,,,,,
TG 54:1 [SIM],TG 54:1 [SIM],TG 48:1 d7 (ISTD) [SIM],906.8,906.8,7.367,n,,,,,,,,,,,
TG 54:2 [-18:0],TG 54:2 [-18:0],TG 48:1 d7 (ISTD) [-15:0] ,904.9,603.6,7.267,n,,,,,,,,,,,
TG 54:2 [SIM],TG 54:2 [SIM],TG 48:1 d7 (ISTD) [SIM],904.9,904.8,7.267,n,,,,,,,,,,,
TG 54:3 [-18:1],TG 54:3 [-18:1],TG 48:1 d7 (ISTD) [-15:0] ,902.9,603.6,7.15,n,,,,,,,,,,,
TG 54:3 [SIM],TG 54:3 [SIM],TG 48:1 d7 (ISTD) [SIM],902.8,902.8,7.15,n,,,,,,,,,,,
TG 54:4 [-18:0],TG 54:4 [-18:0],TG 48:1 d7 (ISTD) [-15:0] ,900.8,599.5,7.05,n,,,,,,,,,,,
TG 54:4 [-18:2],TG 54:4 [-18:2],TG 48:1 d7 (ISTD) [-15:0] ,900.9,603.9,7.033,n,,,,,,,,,,,
TG 54:4 [SIM],TG 54:4 [SIM],TG 48:1 d7 (ISTD) [SIM],900.8,900.8,7.033,n,,,,,,,,,,,
TG 54:5 [-18:1],TG 54:5 [-18:1],TG 48:1 d7 (ISTD) [-15:0] ,898.9,599.6,6.917,n,,,,,,,,,,,
TG 54:5 [SIM],TG 54:5 [SIM],TG 48:1 d7 (ISTD) [SIM],898.8,898.8,6.917,n,,,,,,,,,,,
TG 54:6 [-18:2],TG 54:6 [-18:2],TG 48:1 d7 (ISTD) [-15:0] ,896.9,599.6,6.783,n,,,,,,,,,,,
TG 54:6 [SIM],TG 54:6 [SIM],TG 48:1 d7 (ISTD) [SIM],896.8,896.8,6.833,n,,,,,,,,,,,
TG 56:6 [-20:4],TG 56:6 [-20:4],TG 48:1 d7 (ISTD) [-15:0] ,924.9,603.6,6.983,n,,,,,,,,,,,
TG 56:6 [SIM],TG 56:6 [SIM],TG 48:1 d7 (ISTD) [SIM],924.8,924.8,6.967,n,6.75,7.3,,,,rb unclear,,,,,
TG 56:8 [-20:4],TG 56:8 [-20:4],TG 48:1 d7 (ISTD) [-15:0] ,920.9,599.6,6.733,n,,,,,,,,,,,
TG 56:8 [SIM],TG 56:8 [SIM],TG 48:1 d7 (ISTD) [SIM],920.9,920.9,6.8,n,,,,,,,,,,,
TG 58:8 [-22:6],TG 58:8 [-22:6],TG 48:1 d7 (ISTD) [-15:0] ,948.9,603.7,6.933,n,,,,,,,,,,,
TG 58:8 [SIM],TG 58:8 [SIM],TG 48:1 d7 (ISTD) [SIM],948.9,948.9,6.933,n,,,,,,,,,,,
TG O-50:1 [-18:1],TG O-50:1 [-18:1],TG 48:1 d7 (ISTD) [-15:0] ,836.8,537.5,7.33,n,,,,,,,,,,,
TG O-52:1 [-18:1],TG O-51:2 [-18:1],TG 48:1 d7 (ISTD) [-15:0] ,864.8,565.5,7.44,n,,,,,,,,,,,
TG O-52:2 [-16:0],TG O-52:2 [-16:0],TG 48:1 d7 (ISTD) [-15:0] ,862.8,589.6,7.35,n,,,,,,,,,,,
TG O-52:2 [-18:1],TG O-52:2 [-18:1],TG 48:1 d7 (ISTD) [-15:0] ,862.8,563.5,7.35,n,,,,,,,,,,,