file_name,batch,sample_type,reference (indicate at least one sample to be used for RT shift estimation)
Longit_BLANK-01 (Eluent A).mzML,L1,SBLK,
Longit_B-ISTD 01 Extr.mzML,L1,PBLK,
Longit_Un-ISTD 01 Unextr.mzML,L1,UBLK,
Longit_LTR 01.mzML,L1,LTR,
Longit_TQC-10%.mzML,L1,RQC,
Longit_TQC-20%.mzML,L1,RQC,
Longit_TQC-40%.mzML,L1,RQC,
Longit_TQC-60%.mzML,L1,RQC,
Longit_TQC-80%.mzML,L1,RQC,
Longit_TQC-100%.mzML,L1,RQC,
Longit_batch1_TQC01.mzML,L1,TQC,x
Longit_batch1_TQC02.mzML,L1,TQC,x
Longit_batch1_PQC 01.mzML,L1,BQC,x
Longit_batch1_PQC 02.mzML,L1,BQC,x
Longit_batch1_1.mzML,L1,SPL,
Longit_batch1_2.mzML,L1,SPL,
Longit_batch1_3.mzML,L1,SPL,
Longit_batch1_4.mzML,L1,SPL,
Longit_batch1_5.mzML,L1,SPL,
Longit_batch1_TQC03.mzML,L1,TQC,x
Longit_batch1_6.mzML,L1,SPL,
Longit_batch1_7.mzML,L1,SPL,
Longit_batch1_8.mzML,L1,SPL,
Longit_batch1_9.mzML,L1,SPL,
Longit_batch1_10.mzML,L1,SPL,
Longit_batch1_PQC 03.mzML,L1,BQC,
Longit_batch1_11.mzML,L1,SPL,
Longit_batch1_12.mzML,L1,SPL,
Longit_batch1_13.mzML,L1,SPL,
Longit_batch1_14.mzML,L1,SPL,
Longit_batch1_15.mzML,L1,SPL,
Longit_batch1_TQC04.mzML,L1,TQC,
Longit_batch1_16.mzML,L1,SPL,
Longit_batch1_17.mzML,L1,SPL,
Longit_batch1_18.mzML,L1,SPL,
Longit_batch1_19.mzML,L1,SPL,
Longit_batch1_20.mzML,L1,SPL,
Longit_batch1_PQC 04.mzML,L1,BQC,
Longit_batch1_21.mzML,L1,SPL,
Longit_batch1_22.mzML,L1,SPL,
Longit_batch1_23.mzML,L1,SPL,
Longit_batch1_24.mzML,L1,SPL,
Longit_batch1_25.mzML,L1,SPL,
Longit_batch1_TQC05.mzML,L1,TQC,
Longit_batch1_26.mzML,L1,SPL,
Longit_batch1_27.mzML,L1,SPL,
Longit_batch1_28.mzML,L1,SPL,
Longit_batch1_29.mzML,L1,SPL,
Longit_batch1_30.mzML,L1,SPL,
Longit_batch1_PQC 05.mzML,L1,BQC,
Longit_batch1_31.mzML,L1,SPL,
Longit_batch1_32.mzML,L1,SPL,
Longit_batch1_33.mzML,L1,SPL,
Longit_batch1_34.mzML,L1,SPL,
Longit_batch1_35.mzML,L1,SPL,
Longit_batch1_TQC06.mzML,L1,TQC,
Longit_batch1_36.mzML,L1,SPL,
Longit_batch1_37.mzML,L1,SPL,
Longit_batch1_38.mzML,L1,SPL,
Longit_batch1_39.mzML,L1,SPL,
Longit_batch1_40.mzML,L1,SPL,
Longit_batch1_PQC 06.mzML,L1,BQC,
Longit_batch1_41.mzML,L1,SPL,
Longit_batch1_42.mzML,L1,SPL,
Longit_batch1_43.mzML,L1,SPL,
Longit_batch1_44.mzML,L1,SPL,
Longit_batch1_45.mzML,L1,SPL,
Longit_batch1_TQC07.mzML,L1,TQC,
Longit_batch1_46.mzML,L1,SPL,
Longit_batch1_47.mzML,L1,SPL,
Longit_batch1_48.mzML,L1,SPL,
Longit_batch1_49.mzML,L1,SPL,
Longit_batch1_50.mzML,L1,SPL,
Longit_batch1_PQC 07.mzML,L1,BQC,
Longit_batch1_51.mzML,L1,SPL,
Longit_batch1_52.mzML,L1,SPL,
Longit_batch1_53.mzML,L1,SPL,
Longit_batch1_54.mzML,L1,SPL,
Longit_batch1_55.mzML,L1,SPL,
Longit_batch1_TQC08.mzML,L1,TQC,
Longit_batch1_56.mzML,L1,SPL,
Longit_batch1_57.mzML,L1,SPL,
Longit_batch1_58.mzML,L1,SPL,
Longit_batch1_59.mzML,L1,SPL,
Longit_batch1_60.mzML,L1,SPL,
Longit_batch1_PQC 08.mzML,L1,BQC,
Longit_batch1_61.mzML,L1,SPL,
Longit_batch1_62.mzML,L1,SPL,
Longit_batch1_63.mzML,L1,SPL,
Longit_batch1_64.mzML,L1,SPL,
Longit_batch1_65.mzML,L1,SPL,
Longit_batch1_PQC 09.mzML,L1,BQC,
Longit_batch1_PQC 09b.mzML,L1,BQC,
Longit_BLANK-02 (Eluent A).mzML,L2,SBLK,
Longit_batch2_TQC09.mzML,L2,TQC,
Longit_batch2_TQC10.mzML,L2,TQC,
Longit_batch2_PQC 10.mzML,L2,BQC,
Longit_batch2_PQC 11.mzML,L2,BQC,
Longit_batch2_1.mzML,L2,SPL,
Longit_batch2_2.mzML,L2,SPL,
Longit_batch2_3.mzML,L2,SPL,
Longit_batch2_4.mzML,L2,SPL,
Longit_batch2_5.mzML,L2,SPL,
Longit_batch2_TQC13.mzML,L2,TQC,
Longit_batch2_6.mzML,L2,SPL,
Longit_batch2_7.mzML,L2,SPL,
Longit_batch2_8.mzML,L2,SPL,
Longit_batch2_9.mzML,L2,SPL,
Longit_batch2_10.mzML,L2,SPL,
Longit_batch2_PQC 12.mzML,L2,BQC,
Longit_batch2_11.mzML,L2,SPL,
Longit_batch2_12.mzML,L2,SPL,
Longit_batch2_13.mzML,L2,SPL,
Longit_batch2_14.mzML,L2,SPL,
Longit_batch2_15.mzML,L2,SPL,
Longit_batch2_TQC14.mzML,L2,TQC,
Longit_batch2_16.mzML,L2,SPL,
Longit_batch2_17.mzML,L2,SPL,
Longit_batch2_18.mzML,L2,SPL,
Longit_batch2_19.mzML,L2,SPL,
Longit_batch2_20.mzML,L2,SPL,
Longit_batch2_PQC 13.mzML,L2,BQC,
Longit_batch2_21.mzML,L2,SPL,
Longit_batch2_22.mzML,L2,SPL,
Longit_batch2_23.mzML,L2,SPL,
Longit_batch2_24.mzML,L2,SPL,
Longit_batch2_25.mzML,L2,SPL,
Longit_batch2_TQC15.mzML,L2,TQC,
Longit_batch2_26.mzML,L2,SPL,
Longit_batch2_27.mzML,L2,SPL,
Longit_batch2_28.mzML,L2,SPL,
Longit_batch2_29.mzML,L2,SPL,
Longit_batch2_30.mzML,L2,SPL,
Longit_batch2_PQC 14.mzML,L2,BQC,
Longit_batch2_31.mzML,L2,SPL,
Longit_batch2_32.mzML,L2,SPL,
Longit_batch2_33.mzML,L2,SPL,
Longit_batch2_34.mzML,L2,SPL,
Longit_batch2_35.mzML,L2,SPL,
Longit_batch2_TQC16.mzML,L2,TQC,
Longit_batch2_36.mzML,L2,SPL,
Longit_batch2_37.mzML,L2,SPL,
Longit_batch2_38.mzML,L2,SPL,
Longit_batch2_39.mzML,L2,SPL,
Longit_batch2_40.mzML,L2,SPL,
Longit_batch2_PQC 15.mzML,L2,BQC,
Longit_batch2_41.mzML,L2,SPL,
Longit_batch2_42.mzML,L2,SPL,
Longit_batch2_43.mzML,L2,SPL,
Longit_batch2_44.mzML,L2,SPL,
Longit_batch2_45.mzML,L2,SPL,
Longit_batch2_46.mzML,L2,SPL,
Longit_batch2_47.mzML,L2,SPL,
Longit_batch2_48.mzML,L2,SPL,
Longit_batch2_49.mzML,L2,SPL,
Longit_batch2_50.mzML,L2,SPL,
Longit_batch2_PQC 16.mzML,L2,BQC,
Longit_batch2_51.mzML,L2,SPL,
Longit_batch2_52.mzML,L2,SPL,
Longit_batch2_53.mzML,L2,SPL,
Longit_batch2_54.mzML,L2,SPL,
Longit_batch2_55.mzML,L2,SPL,
Longit_batch2_56.mzML,L2,SPL,
Longit_batch2_57.mzML,L2,SPL,
Longit_batch2_58.mzML,L2,SPL,
Longit_batch2_59.mzML,L2,SPL,
Longit_batch2_60.mzML,L2,SPL,
Longit_batch2_PQC 17.mzML,L2,BQC,
Longit_batch2_61.mzML,L2,SPL,
Longit_batch2_62.mzML,L2,SPL,
Longit_batch2_63.mzML,L2,SPL,
Longit_batch2_64.mzML,L2,SPL,
Longit_batch2_65.mzML,L2,SPL,
Longit_batch2_PQC 18.mzML,L2,BQC,
Longit_batch2_PQC 18b.mzML,L2,BQC,
Longit_BLANK-03 (Eluent A).mzML,L3,SBLK,
Longit_batch3_TQC19.mzML,L3,TQC,
Longit_batch3_TQC20.mzML,L3,TQC,
Longit_batch3_PQC 19.mzML,L3,BQC,
Longit_batch3_PQC 20.mzML,L3,BQC,
Longit_batch3_1.mzML,L3,SPL,
Longit_batch3_2.mzML,L3,SPL,
Longit_batch3_3.mzML,L3,SPL,
Longit_batch3_4.mzML,L3,SPL,
Longit_batch3_5.mzML,L3,SPL,
Longit_batch3_TQC21.mzML,L3,TQC,
Longit_batch3_6.mzML,L3,SPL,
Longit_batch3_7.mzML,L3,SPL,
Longit_batch3_8.mzML,L3,SPL,
Longit_batch3_9.mzML,L3,SPL,
Longit_batch3_10.mzML,L3,SPL,
Longit_batch3_PQC 21.mzML,L3,BQC,
Longit_batch3_11.mzML,L3,SPL,
Longit_batch3_12.mzML,L3,SPL,
Longit_batch3_13.mzML,L3,SPL,
Longit_batch3_14.mzML,L3,SPL,
Longit_batch3_15.mzML,L3,SPL,
Longit_batch3_TQC22.mzML,L3,TQC,
Longit_batch3_16.mzML,L3,SPL,
Longit_batch3_17.mzML,L3,SPL,
Longit_batch3_18.mzML,L3,SPL,
Longit_batch3_19.mzML,L3,SPL,
Longit_batch3_20.mzML,L3,SPL,
Longit_batch3_PQC 22.mzML,L3,BQC,
Longit_batch3_21.mzML,L3,SPL,
Longit_batch3_22.mzML,L3,SPL,
Longit_batch3_23.mzML,L3,SPL,
Longit_batch3_24.mzML,L3,SPL,
Longit_batch3_25.mzML,L3,SPL,
Longit_batch3_TQC23.mzML,L3,TQC,
Longit_batch3_26.mzML,L3,SPL,
Longit_batch3_27.mzML,L3,SPL,
Longit_batch3_28.mzML,L3,SPL,
Longit_batch3_29.mzML,L3,SPL,
Longit_batch3_30.mzML,L3,SPL,
Longit_batch3_PQC 23.mzML,L3,BQC,
Longit_batch3_31.mzML,L3,SPL,
Longit_batch3_32.mzML,L3,SPL,
Longit_batch3_33.mzML,L3,SPL,
Longit_batch3_34.mzML,L3,SPL,
Longit_batch3_35.mzML,L3,SPL,
Longit_batch3_TQC24.mzML,L3,TQC,
Longit_batch3_36.mzML,L3,SPL,
Longit_batch3_37.mzML,L3,SPL,
Longit_batch3_38.mzML,L3,SPL,
Longit_batch3_39.mzML,L3,SPL,
Longit_batch3_40.mzML,L3,SPL,
Longit_batch3_PQC 24.mzML,L3,BQC,
Longit_batch3_41.mzML,L3,SPL,
Longit_batch3_42.mzML,L3,SPL,
Longit_batch3_43.mzML,L3,SPL,
Longit_batch3_44.mzML,L3,SPL,
Longit_batch3_45.mzML,L3,SPL,
Longit_batch3_46.mzML,L3,SPL,
Longit_batch3_47.mzML,L3,SPL,
Longit_batch3_48.mzML,L3,SPL,
Longit_batch3_49.mzML,L3,SPL,
Longit_batch3_50.mzML,L3,SPL,
Longit_batch3_PQC 25.mzML,L3,BQC,
Longit_batch3_51.mzML,L3,SPL,
Longit_batch3_52.mzML,L3,SPL,
Longit_batch3_53.mzML,L3,SPL,
Longit_batch3_54.mzML,L3,SPL,
Longit_batch3_55.mzML,L3,SPL,
Longit_batch3_56.mzML,L3,SPL,
Longit_batch3_57.mzML,L3,SPL,
Longit_batch3_58.mzML,L3,SPL,
Longit_batch3_59.mzML,L3,SPL,
Longit_batch3_60.mzML,L3,SPL,
Longit_batch3_PQC 26.mzML,L3,BQC,
Longit_batch3_61.mzML,L3,SPL,
Longit_batch3_62.mzML,L3,SPL,
Longit_batch3_63.mzML,L3,SPL,
Longit_batch3_64.mzML,L3,SPL,
Longit_batch3_65.mzML,L3,SPL,
Longit_batch3_PQC 27.mzML,L3,BQC,
Longit_batch3_PQC 27b.mzML,L3,BQC,
Longit_batch3_LTR 01.mzML,L3,LTR,
Longit_BLANK-04 (Eluent A).mzML,L4,SBLK,
Longit_batch4_TQC27.mzML,L4,TQC,
Longit_batch4_TQC28.mzML,L4,TQC,
Longit_batch4_PQC 28.mzML,L4,BQC,
Longit_batch4_PQC 29.mzML,L4,BQC,
Longit_batch4_1.mzML,L4,SPL,
Longit_batch4_2.mzML,L4,SPL,
Longit_batch4_3.mzML,L4,SPL,
Longit_batch4_4.mzML,L4,SPL,
Longit_batch4_5.mzML,L4,SPL,
Longit_batch4_TQC29.mzML,L4,TQC,
Longit_batch4_6.mzML,L4,SPL,
Longit_batch4_7.mzML,L4,SPL,
Longit_batch4_8.mzML,L4,SPL,
Longit_batch4_9.mzML,L4,SPL,
Longit_batch4_10.mzML,L4,SPL,
Longit_batch4_PQC 30.mzML,L4,BQC,
Longit_batch4_11.mzML,L4,SPL,
Longit_batch4_12.mzML,L4,SPL,
Longit_batch4_13.mzML,L4,SPL,
Longit_batch4_14.mzML,L4,SPL,
Longit_batch4_15.mzML,L4,SPL,
Longit_batch4_TQC30.mzML,L4,TQC,
Longit_batch4_16.mzML,L4,SPL,
Longit_batch4_17.mzML,L4,SPL,
Longit_batch4_18.mzML,L4,SPL,
Longit_batch4_19.mzML,L4,SPL,
Longit_batch4_20.mzML,L4,SPL,
Longit_batch4_PQC 31.mzML,L4,BQC,
Longit_batch4_21.mzML,L4,SPL,
Longit_batch4_22.mzML,L4,SPL,
Longit_batch4_23.mzML,L4,SPL,
Longit_batch4_24.mzML,L4,SPL,
Longit_batch4_25.mzML,L4,SPL,
Longit_batch4_TQC31.mzML,L4,TQC,
Longit_batch4_26.mzML,L4,SPL,
Longit_batch4_27.mzML,L4,SPL,
Longit_batch4_28.mzML,L4,SPL,
Longit_batch4_29.mzML,L4,SPL,
Longit_batch4_30.mzML,L4,SPL,
Longit_batch4_PQC 32.mzML,L4,BQC,
Longit_batch4_31.mzML,L4,SPL,
Longit_batch4_32.mzML,L4,SPL,
Longit_batch4_33.mzML,L4,SPL,
Longit_batch4_34.mzML,L4,SPL,
Longit_batch4_35.mzML,L4,SPL,
Longit_batch4_TQC32.mzML,L4,TQC,
Longit_batch4_36.mzML,L4,SPL,
Longit_batch4_37.mzML,L4,SPL,
Longit_batch4_38.mzML,L4,SPL,
Longit_batch4_39.mzML,L4,SPL,
Longit_batch4_40.mzML,L4,SPL,
Longit_batch4_PQC 33.mzML,L4,BQC,
Longit_batch4_41.mzML,L4,SPL,
Longit_batch4_42.mzML,L4,SPL,
Longit_batch4_43.mzML,L4,SPL,
Longit_batch4_44.mzML,L4,SPL,
Longit_batch4_45.mzML,L4,SPL,
Longit_batch4_46.mzML,L4,SPL,
Longit_batch4_47.mzML,L4,SPL,
Longit_batch4_48.mzML,L4,SPL,
Longit_batch4_49.mzML,L4,SPL,
Longit_batch4_50.mzML,L4,SPL,
Longit_batch4_PQC 34.mzML,L4,BQC,
Longit_batch4_51.mzML,L4,SPL,
Longit_batch4_52.mzML,L4,SPL,
Longit_batch4_53.mzML,L4,SPL,
Longit_batch4_54.mzML,L4,SPL,
Longit_batch4_55.mzML,L4,SPL,
Longit_batch4_56.mzML,L4,SPL,
Longit_batch4_57.mzML,L4,SPL,
Longit_batch4_58.mzML,L4,SPL,
Longit_batch4_59.mzML,L4,SPL,
Longit_batch4_60.mzML,L4,SPL,
Longit_batch4_PQC 35.mzML,L4,BQC,
Longit_batch4_61.mzML,L4,SPL,
Longit_batch4_62.mzML,L4,SPL,
Longit_batch4_63.mzML,L4,SPL,
Longit_batch4_64.mzML,L4,SPL,
Longit_batch4_65.mzML,L4,SPL,
Longit_batch4_PQC 36.mzML,L4,BQC,
Longit_batch4_PQC 36b.mzML,L4,BQC,
Longit_BLANK-05 (Eluent A).mzML,L5,SBLK,
Longit_batch5_TQC36.mzML,L5,TQC,
Longit_batch5_TQC37.mzML,L5,TQC,
Longit_batch5_PQC 37.mzML,L5,BQC,
Longit_batch5_PQC 38.mzML,L5,BQC,
Longit_batch5_1.mzML,L5,SPL,
Longit_batch5_2.mzML,L5,SPL,
Longit_batch5_3.mzML,L5,SPL,
Longit_batch5_4.mzML,L5,SPL,
Longit_batch5_5.mzML,L5,SPL,
Longit_batch5_TQC38.mzML,L5,TQC,
Longit_batch5_6.mzML,L5,SPL,
Longit_batch5_7.mzML,L5,SPL,
Longit_batch5_8.mzML,L5,SPL,
Longit_batch5_9.mzML,L5,SPL,
Longit_batch5_10.mzML,L5,SPL,
Longit_batch5_PQC 39.mzML,L5,BQC,
Longit_batch5_11.mzML,L5,SPL,
Longit_batch5_12.mzML,L5,SPL,
Longit_batch5_13.mzML,L5,SPL,
Longit_batch5_14.mzML,L5,SPL,
Longit_batch5_15.mzML,L5,SPL,
Longit_batch5_TQC39.mzML,L5,TQC,
Longit_batch5_16.mzML,L5,SPL,
Longit_batch5_17.mzML,L5,SPL,
Longit_batch5_18.mzML,L5,SPL,
Longit_batch5_19.mzML,L5,SPL,
Longit_batch5_20.mzML,L5,SPL,
Longit_batch5_PQC 40.mzML,L5,BQC,
Longit_batch5_21.mzML,L5,SPL,
Longit_batch5_22.mzML,L5,SPL,
Longit_batch5_23.mzML,L5,SPL,
Longit_batch5_24.mzML,L5,SPL,
Longit_batch5_25.mzML,L5,SPL,
Longit_batch5_TQC40.mzML,L5,TQC,
Longit_batch5_26.mzML,L5,SPL,
Longit_batch5_27.mzML,L5,SPL,
Longit_batch5_28.mzML,L5,SPL,
Longit_batch5_29.mzML,L5,SPL,
Longit_batch5_30.mzML,L5,SPL,
Longit_batch5_PQC 41.mzML,L5,BQC,
Longit_batch5_31.mzML,L5,SPL,
Longit_batch5_32.mzML,L5,SPL,
Longit_batch5_33.mzML,L5,SPL,
Longit_batch5_34.mzML,L5,SPL,
Longit_batch5_35.mzML,L5,SPL,
Longit_batch5_36.mzML,L5,SPL,
Longit_batch5_37.mzML,L5,SPL,
Longit_batch5_38.mzML,L5,SPL,
Longit_batch5_39.mzML,L5,SPL,
Longit_batch5_40.mzML,L5,SPL,
Longit_batch5_PQC 42.mzML,L5,BQC,
Longit_batch5_41.mzML,L5,SPL,
Longit_batch5_42.mzML,L5,SPL,
Longit_batch5_43.mzML,L5,SPL,
Longit_batch5_44.mzML,L5,SPL,
Longit_batch5_45.mzML,L5,SPL,
Longit_batch5_46.mzML,L5,SPL,
Longit_batch5_47.mzML,L5,SPL,
Longit_batch5_48.mzML,L5,SPL,
Longit_batch5_49.mzML,L5,SPL,
Longit_batch5_50.mzML,L5,SPL,
Longit_batch5_PQC 43.mzML,L5,BQC,
Longit_batch5_51.mzML,L5,SPL,
Longit_batch5_52.mzML,L5,SPL,
Longit_batch5_53.mzML,L5,SPL,
Longit_batch5_54.mzML,L5,SPL,
Longit_batch5_55.mzML,L5,SPL,
Longit_batch5_56.mzML,L5,SPL,
Longit_batch5_57.mzML,L5,SPL,
Longit_batch5_58.mzML,L5,SPL,
Longit_batch5_59.mzML,L5,SPL,
Longit_batch5_60.mzML,L5,SPL,
Longit_batch5_PQC 44.mzML,L5,BQC,
Longit_batch5_61.mzML,L5,SPL,
Longit_batch5_62.mzML,L5,SPL,
Longit_batch5_63.mzML,L5,SPL,
Longit_batch5_64.mzML,L5,SPL,
Longit_batch5_65.mzML,L5,SPL,
Longit_batch5_PQC 45.mzML,L5,BQC,
Longit_batch5_PQC 45b.mzML,L5,BQC,
Longit_BLANK-06 (Eluent A).mzML,L6,SBLK,
Longit_batch6_TQC44.mzML,L6,TQC,
Longit_batch6_TQC45.mzML,L6,TQC,
Longit_batch6_PQC 46.mzML,L6,BQC,
Longit_batch6_PQC 47.mzML,L6,BQC,
Longit_batch6_1.mzML,L6,SPL,
Longit_batch6_2.mzML,L6,SPL,
Longit_batch6_3.mzML,L6,SPL,
Longit_batch6_4.mzML,L6,SPL,
Longit_batch6_5.mzML,L6,SPL,
Longit_batch6_TQC46.mzML,L6,TQC,
Longit_batch6_6.mzML,L6,SPL,
Longit_batch6_7.mzML,L6,SPL,
Longit_batch6_8.mzML,L6,SPL,
Longit_batch6_9.mzML,L6,SPL,
Longit_batch6_10.mzML,L6,SPL,
Longit_batch6_PQC 48.mzML,L6,BQC,
Longit_batch6_11.mzML,L6,SPL,
Longit_batch6_12.mzML,L6,SPL,
Longit_batch6_13.mzML,L6,SPL,
Longit_batch6_14.mzML,L6,SPL,
Longit_batch6_15.mzML,L6,SPL,
Longit_batch6_TQC47.mzML,L6,TQC,
Longit_batch6_16.mzML,L6,SPL,
Longit_batch6_17.mzML,L6,SPL,
Longit_batch6_18.mzML,L6,SPL,
Longit_batch6_19.mzML,L6,SPL,
Longit_batch6_20.mzML,L6,SPL,
Longit_batch6_PQC 49.mzML,L6,BQC,
Longit_batch6_21.mzML,L6,SPL,
Longit_batch6_22.mzML,L6,SPL,
Longit_batch6_23.mzML,L6,SPL,
Longit_batch6_24.mzML,L6,SPL,
Longit_batch6_25.mzML,L6,SPL,
Longit_batch6_TQC48.mzML,L6,TQC,
Longit_batch6_26.mzML,L6,SPL,
Longit_batch6_27.mzML,L6,SPL,
Longit_batch6_28.mzML,L6,SPL,
Longit_batch6_29.mzML,L6,SPL,
Longit_batch6_30.mzML,L6,SPL,
Longit_batch6_PQC 50.mzML,L6,BQC,
Longit_batch6_31.mzML,L6,SPL,
Longit_batch6_32.mzML,L6,SPL,
Longit_batch6_33.mzML,L6,SPL,
Longit_batch6_34.mzML,L6,SPL,
Longit_batch6_35.mzML,L6,SPL,
Longit_batch6_36.mzML,L6,SPL,
Longit_batch6_37.mzML,L6,SPL,
Longit_batch6_38.mzML,L6,SPL,
Longit_batch6_39.mzML,L6,SPL,
Longit_batch6_40.mzML,L6,SPL,
Longit_batch6_PQC 51.mzML,L6,BQC,
Longit_batch6_41.mzML,L6,SPL,
Longit_batch6_42.mzML,L6,SPL,
Longit_batch6_43.mzML,L6,SPL,
Longit_batch6_44.mzML,L6,SPL,
Longit_batch6_45.mzML,L6,SPL,
Longit_batch6_46.mzML,L6,SPL,
Longit_batch6_47.mzML,L6,SPL,
Longit_batch6_48.mzML,L6,SPL,
Longit_batch6_49.mzML,L6,SPL,
Longit_batch6_50.mzML,L6,SPL,
Longit_batch6_PQC 52.mzML,L6,BQC,
Longit_batch6_51.mzML,L6,SPL,
Longit_batch6_52.mzML,L6,SPL,
Longit_batch6_53.mzML,L6,SPL,
Longit_batch6_PQC 53.mzML,L6,BQC,
Longit_batch6_PQC 53b.mzML,L6,BQC,
Longit_batch6_B-ISTD 09.mzML,L6,PBLK,
Longit_batch6_Un-ISTD 01.mzML,L6,UBLK,
Longit_batch6_TQC-100%.mzML,L6,RQC,
Longit_batch6_TQC-80%.mzML,L6,RQC,
Longit_batch6_TQC-60%.mzML,L6,RQC,
Longit_batch6_TQC-40%.mzML,L6,RQC,
Longit_batch6_TQC-20%.mzML,L6,RQC,
Longit_batch6_TQC-10%.mzML,L6,RQC,
Longit_batch6_LTR 01.mzML,L6,LTR,
Longit_BLANK-07 (Eluent A).mzML,L6,SBLK,
